name,probability,correl,state_0_mean,state_1_mean,state_2_mean,state_0_next_mean,state_1_next_mean,state_2_next_mean,pca_n_components,k_features,features
bumpy-brass-dodo,5.19161139999206,0.960569328775808,-1.1695010767306,0.0677984535706016,0.461473253989974,-0.0112913365364655,0.0618649466150361,0.0573645319314576,13,4,"['return', 'linearreg_slope', 'var', '1_day_change', 'ht_dcperiod']"
stealthy-aquamarine-schnauzer,0.0122041690966214,0.999094451448616,-0.957296503067074,0.0776173105304355,0.594886818784241,-0.139599170914939,0.0618051675623779,0.143274051604886,6,6,"['return', 'ultosc', 'plus_di', 'intraday_change', 'natr', 'trange', 'rsi']"
cloudy-cobalt-mayfly,0.0902891318735971,0.935090693130199,-0.116516115007536,-0.0582291899476461,0.264688270549671,0.013693620613356,-0.0124929758543059,0.142227716196233,4,13,"['return', 'linearreg_slope', 'ppo', 'minus_di', 'rsi', 'trange', 'stochrsi_fastk', 'stochf_fastd', 'bop', 'var', 'stochf_fastk', 'roc', 'macdfix', 'obv']"
cranky-tomato-monkey,0.0133909064937227,0.998838709939002,-0.0509614898714733,0.0880901287147404,0.129731836931428,0.00138688646783019,0.0675168072230954,0.0901938771517703,6,8,"['return', 'macd_signal', 'ht_sine', 'macdfix_signal', 'macd_hist', 'plus_di', 'macd', 'stochrsi_fastk', 'mom']"
cheeky-periwinkle-badger,0.0675412601015575,0.999338596076169,-0.659853652630809,0.133247440714584,0.492070449270845,0.00722991234794139,0.056777467763107,0.074614327056538,13,6,"['return', 'stochrsi_fastk', 'adx', 'aroonosc', 'rsi', 'rocr100', 'willr']"
homely-lilac-barb,0.00611796629493301,0.958389472032597,-0.291249487667396,0.0956184386584492,0.271334251181613,-0.0131917662993826,0.0457124993793003,0.11858152439082,6,13,"['return', 'correl', 'stochrsi_fastk', 'stochf_fastk', 'ht_leadsine', 'stochrsi_fastd', 'var', 'roc', 'linearreg_slope', 'ppo', 'dx', 'macd_hist', 'mom', '1_day_change']"
grumpy-bronze-okapi,4.80302047872019e-06,0.973155315879318,-0.00423044358705762,0.0650415105533379,0.130895204871511,0.0111717076047684,0.0699351687800813,0.0877582298493646,12,13,"['return', 'macd', 'macdfix', 'natr', 'mom', 'stddev', 'macdfix_hist', 'var', 'ht_sine', 'cmo', 'ht_phasor_inphase', 'adosc', 'trange', 'rocr']"
sickly-carmine-caiman,0.0305498508168388,0.997344479964332,-0.359720555048732,0.0853946828240607,0.489845730211431,-0.0951236455100202,0.0600843832468532,0.22304151948641,6,7,"['return', 'adosc', 'minus_di', 'rsi', 'intraday_change', 'natr', 'volume', 'beta']"
muggy-rust-weasel,1.42655913860687,0.993904931749767,-0.227564028797742,-0.0171862674191988,0.176987528743134,-0.0253340771629276,0.0429901793970061,0.0797091322257531,6,3,"['return', 'mom', 'minus_di', 'willr']"
shaky-crimson-leopard,6.37053025613236,0.999674087757876,-0.255473142715473,0.0394170743862262,0.215515157704317,-0.0521140842490378,0.0503458629281304,0.0995343045224011,14,6,"['return', 'roc', 'cci', 'stochf_fastk', 'rocp', 'minus_di', 'ht_phasor_quadrature']"
ready-silver-tiger,203.725015527034,0.994443079615906,-0.593644901058987,0.184021763459414,1.00590145101458,-0.0453014683781336,0.0652717339170637,0.225958321728315,7,3,"['return', 'rocr100', 'stochf_fastk', 'roc']"
queasy-cyan-tzu,19.1477495383369,0.995909212942165,-1.43359270860491,0.102788342583265,0.738448145788313,-0.0541083166810541,0.0585739894426052,0.0868815758300636,8,7,"['return', 'macd_signal', 'stochrsi_fastd', 'bop', 'macd', '1_day_change', 'macdfix_hist', 'ht_phasor_inphase']"
nippy-azure-bandicoot,8.38101682616822e-11,0.999852063235853,-0.691249314207785,0.129133759267545,0.523465376927647,-5.76957695733272e-05,0.0558924618780901,0.0830897489476556,14,12,"['return', 'rocr', 'macdfix_hist', 'stddev', 'linearreg_slope', 'linearreg_intercept', 'bop', 'volume', 'stochrsi_fastk', 'ht_phasor_inphase', 'stochrsi_fastd', 'willr', '1_day_change']"
seedy-linen-tapir,2.15855074007037e-08,0.981671746104343,-0.0409004793446492,0.0655667432340251,0.116931207591738,0.0239085131413047,0.0611431210100738,0.0656743355774966,14,14,"['return', 'adx', 'ht_phasor_quadrature', 'ht_phasor_inphase', 'cmo', 'volume', 'rocr', 'stochf_fastk', 'macdfix_hist', 'atr', 'adxr', 'cci', 'linearreg_angle', 'stochrsi_fastk', 'macd_hist']"
cozy-purple-squirrel,2.10061733821522e-06,0.99996320109595,-0.736770553008686,0.13039180459846,0.132393061110569,-0.168728788973477,0.0732348006329453,0.0722641439696262,13,14,"['return', 'macd_hist', 'stochf_fastk', 'linearreg_angle', 'minus_di', 'natr', 'stochrsi_fastd', 'cci', 'macdfix', '1_day_change', 'intraday_change', 'stoch_slowk', 'stochrsi_fastk', 'obv', 'macd']"
chewy-emerald-neanderthal,0.173797928155343,0.920061238985842,-0.817220096165512,0.15936117098874,0.564376623550574,-0.0127022342218277,0.0709060918495851,0.0596273875740556,14,5,"['return', 'bop', 'willr', 'ultosc', 'adx', 'cci']"
zippy-ecru-baboon,0.366673122620179,0.631076103471964,-0.375748408916344,0.0375112595813789,0.134303375095414,0.0085301024123286,0.00843408081827648,0.0784950989745152,4,10,"['return', 'minus_di', 'intraday_change', 'volume', 'ht_leadsine', 'willr', 'stochf_fastd', 'rocp', 'adosc', 'cci', 'macdfix_hist']"
squeaky-buff-corgi,0.000131964697574051,0.999910989618549,-0.839685764739888,0.0662706815438307,0.436923045387989,-0.161824832527004,0.0530580124821067,0.143597908852752,11,7,"['return', 'stddev', 'volume', 'intraday_change', 'roc', 'macd_signal', 'trange', 'rsi']"
chewy-myrtle-tortoise,0.940922449062229,0.986455557517268,-0.0471052582330752,0.0470443622572301,0.164087225965118,0.0172847275013754,0.044781952040563,0.0960446762761967,3,8,"['return', 'macd_signal', 'ht_sine', 'volume', 'stoch_slowk', 'atr', 'dx', 'var', 'roc']"
greasy-sepia-schnauzer,0.874619727873625,0.997852371967324,-0.0934045946174919,0.00951332122919486,0.159901845606664,-0.00704028198151417,0.0417518130838707,0.088563326316304,11,6,"['return', 'roc', 'stochrsi_fastd', 'trange', 'macdfix', 'rocp', 'dx']"
foggy-smalt-wrasse,0.000851936534918237,0.99805189967713,-0.0693530279813931,0.101118721877305,0.126316500888556,0.00869843448068132,0.0662340968189691,0.0789867933164187,7,11,"['return', 'ht_leadsine', 'cmo', 'stochf_fastd', 'adx', 'adosc', 'minus_di', 'ht_dcperiod', 'var', 'rsi', 'trange', 'stochrsi_fastk']"
nerdy-asparagus-peccary,0.621646866407121,0.885678987283286,-0.0300109303984036,-0.00997856268101768,0.117327293465205,0.0304082732118321,0.0149749726726992,0.074385485658433,3,13,"['return', 'trange', 'var', '1_day_change', 'minus_di', 'macd_hist', 'cci', 'ppo', 'rocr', 'cmo', 'apo', 'adosc', 'minus_dm', 'rocp']"
foggy-emerald-whale,1.10720164879167,0.996801490150828,-1.09660217390894,0.0969237200637725,0.574147571194369,-0.0244554325409562,0.0576689507839688,0.078709324303845,8,5,"['return', 'ultosc', 'ht_phasor_inphase', 'bop', '1_day_change', 'atr']"
skanky-cardinal-foxhound,5.90307414455255,0.997209914080798,-1.34410305560037,0.0829371040354558,0.774606730859332,-0.207935864083854,0.0523306262092115,0.212750186221885,9,5,"['return', 'bop', 'adosc', 'rocr100', 'macdfix', 'macd']"
blurry-heliotrope-wolverine,3.0630680831988e-08,0.989467695851064,-0.89643486277579,0.117712289463647,0.398844347361935,-0.0127213831862306,0.0491847040079065,0.0815209581386091,12,14,"['return', 'roc', 'obv', 'minus_di', 'stochf_fastk', 'linearreg_slope', 'beta', '1_day_change', 'stddev', 'rocr', 'trange', 'atr', 'stochrsi_fastk', 'macd', 'rsi']"
cheeky-emerald-chipmunk,0.0175923354410958,0.994669240083712,-0.887077988981223,0.129667116121735,0.502466758419996,-0.118096881294818,0.0730743428734579,0.108645017111931,7,9,"['return', 'stochrsi_fastk', 'willr', 'stochrsi_fastd', 'bop', 'beta', 'intraday_change', 'rsi', 'adosc', 'rocr100']"
shabby-ecru-magpie,9.68664789638946e-05,0.999917130606838,-0.774975719595388,0.105220192853258,0.445044602916841,-0.0412049040887451,0.0565252596166277,0.0946399182837625,10,13,"['return', 'bop', 'rocr100', 'macdfix_signal', 'correl', 'stochrsi_fastd', 'ht_dcphase', '1_day_change', 'trange', 'stochrsi_fastk', 'ht_sine', 'linearreg_slope', 'cci', 'minus_dm']"
zippy-carmine-cichlid,16.828119021211,0.999877855547884,-1.32131225809045,0.0635792338327573,0.621359794838518,-0.0908306437630415,0.0511686384114962,0.110833608509729,4,3,"['return', 'adxr', 'stddev', '1_day_change']"
fuzzy-corn-octopus,0.739587594992216,0.99970515287959,-0.215271721669045,0.0491153011669521,0.128335249031188,0.0201136738343929,0.0515678504060894,0.0586863051051252,11,9,"['return', 'aroon_down', 'stochrsi_fastk', 'rsi', 'intraday_change', 'stochf_fastd', 'rocp', 'ultosc', 'dx', 'cmo']"
flabby-blue-millipede,0.510730702820751,0.997395399944613,-0.130927813089866,0.0457987404360727,0.180998118428148,-0.00978926667654767,0.0549746069404558,0.0889392253676297,5,4,"['return', 'adosc', 'cmo', 'plus_di', 'stochf_fastd']"
dorky-ochre-bulldog,0.000703788166448788,0.97824474994014,-0.089324028045817,-0.0270448924504758,0.176468766847559,0.0200163722160367,0.0158324114046493,0.090058502733248,8,11,"['return', 'beta', 'adosc', 'stddev', 'natr', 'willr', 'stochf_fastd', 'linearreg_angle', 'rocr', 'cmo', 'cci', 'apo']"
gamy-crimson-penguin,0.133310653294566,0.818690789369991,-0.115379525889632,0.00894460374928869,0.111370692197986,-0.0871289222361103,0.0783171588186441,0.070147196483113,4,11,"['return', 'adx', 'macd_signal', 'stochf_fastk', 'intraday_change', '1_day_change', 'minus_dm', 'minus_di', 'ht_phasor_inphase', 'roc', 'stochf_fastd', 'willr']"
crabby-maroon-dolphin,0.435812570526012,0.653901739939703,-0.0981990411115418,-0.0322811627354943,0.339227408716794,-0.0332202536337791,0.0908588323540267,0.0933398071416459,14,8,"['return', 'stochrsi_fastk', 'rsi', 'rocr100', 'stddev', 'trange', 'willr', 'roc', 'stochrsi_fastd']"
goopy-cerise-woodpecker,84.1140705431731,0.996015251511281,-0.479118610693153,0.127200462325702,0.175879905455132,-0.122874498871448,0.0693448825532127,0.106599480466418,8,4,"['return', 'cmo', 'rsi', 'stochf_fastd', 'plus_di']"
randy-thistle-badger,0.000931113115612951,0.999962701148489,-1.02167135114757,0.0878417968147195,0.422646448607961,-0.0491599087305344,0.0551269461184237,0.0840534118688377,13,10,"['return', 'willr', '1_day_change', 'intraday_change', 'minus_dm', 'linearreg_angle', 'macdfix', 'bop', 'stochf_fastk', 'natr', 'macd_hist']"
frumpy-violet-hummingbird,0.00633624823288163,0.87761723082599,-0.0935956035458955,-0.00328652818780768,0.125618144399816,0.00295446171897096,0.050494770351871,0.0639787253827227,7,8,"['return', 'natr', 'willr', 'linearreg_angle', 'stochf_fastd', 'adosc', 'ht_phasor_quadrature', '1_day_change', 'minus_di']"
messy-sapphire-javanese,0.939997119194025,0.99003976216953,-0.0445293290459166,0.0965901066066979,0.0996357665781312,0.00945362980041255,0.0631213077899418,0.0739799201100146,4,4,"['return', 'adosc', 'bop', 'intraday_change', 'minus_dm']"
grumpy-heliotrope-wallaby,0.46634161515089,0.999398113565158,-0.634398020739963,0.114534839182086,0.351751060569041,-0.105798921469228,0.0676976658253976,0.110427740880443,10,4,"['return', 'minus_di', 'intraday_change', 'stochrsi_fastd', 'rsi']"
sleepy-green-indri,6.0262186939262,0.997626014570425,-0.0655188048348242,-0.0113933215416265,0.334575826154448,0.0396301843309987,0.0409916251672208,0.0844135021794418,12,6,"['return', 'stochrsi_fastd', 'cmo', 'stochrsi_fastk', 'rsi', 'minus_dm', 'stochf_fastk']"
paltry-maroon-dingo,0.201012759916812,0.997424505066852,-0.118270769583385,0.0762768237510068,0.139833267265721,-0.0179601829237148,0.0660186653460303,0.0816813663371211,4,6,"['return', 'dx', 'ppo', 'ht_phasor_inphase', 'ultosc', 'trange', 'cmo']"
flaky-cinnamon-vulture,0.302910086104958,0.999764027031305,-0.0564154556221433,-0.00345847309883042,0.125147534123546,-0.0127090173334441,0.0261718331440272,0.0922698324134901,3,9,"['return', 'volume', 'macdfix', 'stochf_fastk', 'ht_phasor_inphase', 'cmo', 'rsi', 'atr', 'trange', 'stochf_fastd']"
gummy-magenta-blue,0.112274259749494,0.952411736162583,-0.0855280800284442,0.0896673794590874,0.183238969476498,0.00139228978285979,0.0529071545502372,0.129385024525811,5,6,"['return', 'ht_dcperiod', 'stddev', 'ht_leadsine', 'willr', 'cmo', 'natr']"
zippy-razzmatazz-woodlouse,0.610123272092007,0.998352035274826,-0.202763668976425,0.0472895937782306,0.182011186860013,-0.0961398799193682,0.0459743998732379,0.129243210933394,3,11,"['return', 'rocp', 'obv', 'adx', 'bop', 'ht_sine', 'macd_hist', 'bbands_upper', 'volume', 'beta', 'var', 'willr']"
cranky-salmon-indri,0.00292396858689575,0.998922561737056,-0.0746879752360101,-0.00852689143154426,0.124999304091541,0.00821882892133105,0.0228303501619104,0.0800196629987506,8,8,"['return', 'cmo', 'var', 'cci', 'minus_di', 'trange', 'rocp', 'rocr100', 'macdfix_signal']"
slaphappy-cinnabar-liger,0.000383254924865245,0.976688531254925,-0.0351602564638424,0.0254543615673668,0.172245637741317,0.00476738818890181,0.0543407585814228,0.0985304971519379,10,11,"['return', 'macd_hist', 'cmo', 'stochrsi_fastd', 'willr', '1_day_change', 'roc', 'stochf_fastk', 'cci', 'macdfix', 'ht_sine', 'var']"
snappy-scarlet-spoonbill,3.52034731591057,0.991919158613186,-0.244346184903236,0.140753815369282,0.32557588452025,-0.0575851278710875,0.0793797836560896,0.167701145778106,3,3,"['return', 'ppo', '1_day_change', 'willr']"
gummy-heliotrope-woodpecker,30.5545776706947,0.995424132638216,-1.45813386970201,0.064531579362889,0.556342532619195,-0.0143383058662357,0.0477528223959016,0.0779190593348943,11,3,"['return', 'stddev', 'dx', '1_day_change']"
paltry-wisteria-tzu,0.000349611294673031,0.973857929910816,-0.070591946882296,-0.0187060154674257,0.142072822149328,0.00962986177697372,0.0429243499224938,0.0745839420154846,10,14,"['return', 'cmo', 'aroon_up', 'intraday_change', 'mom', 'adx', 'minus_dm', 'ht_sine', 'natr', 'roc', 'rsi', 'rocp', 'minus_di', 'dx', 'beta']"
chewy-gamboge-fox,0.0691301006117732,0.961071877105674,-0.0573168167181181,-0.0452335880437986,0.200062997481806,0.0185017394579957,-0.00356557114499689,0.111422346615955,4,14,"['return', 'dx', 'minus_di', 'stddev', 'ht_phasor_inphase', 'willr', 'obv', 'atr', 'stochrsi_fastd', 'stoch_slowk', 'ad', 'adosc', 'rocr', 'roc', 'stochrsi_fastk']"
muzzy-ivory-devil,0.00251660632281724,0.999059297646422,-0.111693649989172,0.0486714272063809,0.0996391225848424,0.0155996816628692,0.0499755666073547,0.0610106079625592,5,13,"['return', 'stddev', 'stochf_fastk', 'mom', 'cci', 'atr', 'ultosc', 'macd', 'intraday_change', '1_day_change', 'macdfix', 'stoch_slowk', 'rsi', 'willr']"
bluesy-tangerine-bobcat,17.3018286423048,0.998896379347967,-1.58482303720439,0.0969302950777331,0.617785812307209,-0.109449605068022,0.0524956690552533,0.113495420982301,11,4,"['return', 'rocr', 'ppo', '1_day_change', 'ht_phasor_inphase']"
gimpy-pear-hippopotamus,2.47789195266668,0.99995454834573,-0.531606830571926,0.0963664608412667,0.149595879533641,-0.0986930228742618,0.0639262267556704,0.0747806862295037,14,3,"['return', 'cci', 'intraday_change', 'rocr100']"
lousy-lemon-spoonbill,0.366683257535293,0.9653437950316,-0.0504632816167633,0.0275202882438496,0.175783368266837,0.0107951965089531,0.0270553479157036,0.117793965921899,3,14,"['return', 'obv', 'dx', 'stochrsi_fastk', 'stochrsi_fastd', 'linearreg_angle', '1_day_change', 'willr', 'macd_hist', 'minus_dm', 'ht_phasor_inphase', 'natr', 'var', 'trange', 'bop']"
messy-flax-malamute,0.961493847437755,0.998924364641776,-0.128165658681372,0.0726877109091264,0.175779699715094,-0.0225017434738387,0.0575630815274358,0.102628993288287,11,10,"['return', 'roc', 'var', 'rocr', 'linearreg_slope', 'macd_hist', 'stochf_fastd', 'stochf_fastk', 'macdfix_hist', 'cci', 'ht_phasor_quadrature']"
muzzy-smalt-chimpanzee,1.84635638067183,0.99780233640282,-0.76050510812168,0.0966057342985908,0.645264764375828,-0.0329113362436625,0.0592088682575532,0.103115631019204,9,6,"['return', '1_day_change', 'minus_di', 'rocp', 'adosc', 'stoch_slowk', 'minus_dm']"
leaky-khaki-moth,0.224807590043651,0.99989651194626,-0.171995868395093,0.0716571925116912,0.118555598561513,-0.0375920398312903,0.0608694537966396,0.0757879672631321,10,6,"['return', 'dx', 'roc', 'macdfix_hist', 'rocr100', 'obv', 'adxr']"
homey-apricot-corgi,0.0734214015601095,0.999121817919028,-1.3116037673167,0.115622619160094,0.494612506349665,-0.119054897704601,0.0624247373715235,0.097139323230802,12,11,"['return', 'ht_sine', 'linearreg_angle', 'rocr100', 'atr', 'roc', '1_day_change', 'macd', 'stochrsi_fastk', 'correl', 'stochf_fastk', 'adosc']"
ready-platinum-drever,1.04240753817926e-12,0.999992116110744,-0.06538983896465,0.0588970431325289,0.106468738067608,0.0448508020362063,0.0512557177807588,0.0532764420131911,13,12,"['return', 'rocr100', 'macdfix_hist', 'dx', 'mom', 'bop', 'obv', 'stochf_fastk', 'macd_hist', 'beta', 'ht_phasor_quadrature', 'macd', 'ht_dcphase']"
boozy-mustard-grouse,0.000752881736327775,0.9977843003245,-0.713702524132639,0.0920777746884817,0.489693990713193,-0.131628296707058,0.0691349859265044,0.139649157066584,8,14,"['return', 'minus_dm', 'trange', 'willr', '1_day_change', 'minus_di', 'stochf_fastk', 'correl', 'ht_leadsine', 'adosc', 'rocr100', 'bop', 'cmo', 'natr', 'stochf_fastd']"
sleazy-buff-chinook,0.0497330447580036,0.99882094119513,-0.18356940070055,0.108867219401354,0.129885357809686,-0.0180750629760964,0.0643210720002355,0.0748984802218456,13,9,"['return', 'macd_hist', 'minus_di', 'rocr', 'trange', 'aroon_down', 'cmo', 'dx', '1_day_change', 'ht_dcphase']"
craggy-salmon-squid,0.000135336552353797,0.99925330343214,-0.80690722888364,0.121539506716547,0.301289813445616,-0.177506410283394,0.0757545459659658,0.107488140183895,9,12,"['return', 'minus_dm', 'willr', 'dx', 'cmo', 'cci', 'adosc', '1_day_change', 'macd_hist', 'bop', 'stochf_fastk', 'ht_phasor_inphase', 'minus_di']"
shaky-lemon-capuchin,0.000841232196971531,0.997278387652817,-0.0560769635796184,-0.0219744615855759,0.172054078853345,0.025574138908205,0.0250730047467944,0.0849652763325852,11,8,"['return', 'bop', 'macd', 'volume', 'rocp', 'macd_hist', 'stddev', 'adosc', 'willr']"
sloppy-cyan-vulture,0.486843106087039,0.99466420014408,-0.282017642431445,0.0684051459938191,0.187549210937846,-0.0640658772198406,0.0673933833181657,0.0883908747904909,4,5,"['return', 'stochf_fastd', 'rocr', 'dx', 'macdfix_hist', 'rsi']"
woolly-carmine-frigatebird,0.00462421838932445,0.985659242877132,-0.0404387542433359,-0.0221231504678427,0.161758535301985,0.0253274994178681,0.023870060734875,0.0843146571091564,7,14,"['return', 'intraday_change', 'bop', 'minus_di', 'volume', 'plus_di', 'dx', 'rocr', 'adosc', 'ht_dcphase', 'macdfix_hist', 'stddev', 'trange', 'correl', 'stochrsi_fastk']"
crabby-chartreuse-cichlid,0.000924861860212976,0.987340875606389,-0.470394738933062,0.103793971194125,0.232875328590924,-0.0646052977564326,0.0721032257372276,0.0727995442028099,9,11,"['return', 'stochf_fastd', 'intraday_change', 'var', 'stddev', 'willr', 'adosc', 'adx', 'bop', 'macd_hist', 'mom', '1_day_change']"
sickly-scarlet-kangaroo,0.111505710262775,0.99772641284499,-1.01461533291057,0.115860061900825,0.36800233262431,-0.0189965135268382,0.0588850761804576,0.0682881074125397,9,7,"['return', 'trange', '1_day_change', 'mfi', 'willr', 'ht_dcphase', 'plus_dm', 'rocp']"
scanty-olivine-meerkat,0.00381758335211513,0.99991505376564,-0.876288281448146,0.102179523969443,0.492447718551587,-0.048356350779104,0.0576435801604515,0.0961720370542391,6,9,"['return', 'macdfix_signal', 'trange', 'macdfix', 'adosc', 'macd', 'ultosc', '1_day_change', 'stochf_fastk', 'minus_di']"
scanty-aqua-toucan,2.91826950637715e-25,0.999903956886852,-0.390349800201535,0.0974672443254113,0.121292420574883,-0.0547265669448251,0.062989980977126,0.0662584939284798,5,11,"['return', 'fama', 'cci', 'macdfix', 'stochf_fastk', 'roc', 'macd_signal', 'linearreg_intercept', 'var', 'beta', 'plus_di', 'low']"
lanky-auburn-horse,0.722957081341746,0.995317156852899,-0.0760540338971457,-0.0267862084865224,0.142571918266153,0.000266823486507716,0.0209292913577066,0.0857161905775914,3,12,"['return', 'volume', 'minus_dm', 'adosc', 'stochrsi_fastd', 'stddev', 'trange', 'rsi', 'natr', 'rocp', 'minus_di', 'dx', 'intraday_change']"
droopy-amethyst-echidna,0.000392388939333033,0.99936815428196,-0.0523677656404481,0.0856833409290471,0.23057240982632,0.00985728767955,0.0667414394509953,0.11511315957487,10,9,"['return', 'intraday_change', 'ppo', 'obv', 'trange', 'aroon_down', 'macd', '1_day_change', 'minus_dm', 'ht_leadsine']"
greasy-asparagus-tzu,0.0884713506125818,0.992479667501485,-0.0861598902606431,-0.00421951818673502,0.142803387315638,-0.000901844180081809,0.041094306756394,0.0797567208528887,5,9,"['return', 'minus_di', 'ultosc', 'dx', 'bop', 'cmo', 'mom', 'natr', 'linearreg_angle', 'cci']"
ugly-ultramarine-bombay,1.11967319881557e-05,0.999661836766492,-0.129979289413603,0.0115315546299448,0.127041759374657,-0.0188761526029362,0.0337656737793123,0.0810478774587512,11,13,"['return', 'mom', 'ultosc', 'ht_phasor_inphase', 'rocr100', 'cmo', 'cci', 'macdfix', 'volume', 'minus_dm', 'var', 'macd', 'macdfix_signal', 'ht_phasor_quadrature']"
crabby-teal-cheetah,3.73255326870813,0.991515469628657,-0.538349912193252,0.164269292838504,0.225351023445224,-0.12257825563449,0.0745601759181558,0.120888725633627,10,3,"['return', 'cmo', 'willr', 'cci']"
greasy-gold-bison,7.99487128747714e-05,0.996926154383947,-0.0343292346861738,-0.00525765152239034,0.140336624701955,0.0428430157316141,0.0428643568019619,0.0610968452971837,10,12,"['return', 'willr', 'minus_dm', 'macd', 'mfi', 'dx', 'apo', 'ht_phasor_inphase', 'rocr100', 'linearreg_slope', 'rocr', 'ht_phasor_quadrature', 'cmo']"
flaky-buff-chihuahua,0.235121768736283,0.983665811584057,-0.102492415536279,0.0619397120694883,0.150207259817251,-0.00800880955657338,0.0672978981213528,0.0810465762847144,12,12,"['return', 'roc', 'macd_hist', 'dx', 'rocp', 'cci', 'macdfix_signal', '1_day_change', 'volume', 'stochrsi_fastd', 'macd', 'stddev', 'linearreg_slope']"
gummy-linen-skunk,95.0540243270911,0.956376304239706,-1.26804824774051,0.116571543375286,0.379420491952914,-0.0897331273376049,0.0706230670175239,0.0433956462879277,12,4,"['return', 'minus_di', 'intraday_change', 'cmo', 'rsi']"
sloppy-mauve-baboon,0.200743119772143,0.999935771035046,-0.115722629678743,-0.0638338895028967,0.244585146601547,-0.00341983222070897,0.0194200749682281,0.10799860870877,4,9,"['return', 'stochf_fastk', 'macdfix', 'dx', 'stochf_fastd', 'macdfix_hist', 'adosc', 'stochrsi_fastk', 'trange', 'volume']"
zippy-khaki-devil,1.60780480274274,0.9993242186521,-0.853526725524218,0.216853336298129,0.415149864338174,-0.000169527113551354,0.0614977714463809,0.0690277891676249,12,3,"['return', 'stochf_fastk', 'stochrsi_fastd', 'rocp']"
hasty-celadon-caiman,0.00536156264656611,0.999397724187967,-0.0382784375882359,-0.00225089886837095,0.212196693176992,0.0290130610595283,0.0367475920958389,0.0904783613961201,7,7,"['return', 'ht_phasor_quadrature', 'stochf_fastk', 'minus_di', 'var', 'mom', 'rocr', 'mfi']"
leaky-bronze-hare,5.24170100261296e-06,0.976007866624975,-0.0428246431244188,-0.0119318451173581,0.182934607488003,0.0145289020026043,0.0104785923590644,0.112386726186209,11,14,"['return', 'minus_di', 'mom', 'rsi', 'stochf_fastd', 'stochrsi_fastd', 'apo', 'cci', 'macd_hist', 'trange', 'var', 'bop', 'willr', 'atr', 'stddev']"
sleazy-charcoal-dollar,0.0010378725427169,0.998846622785067,-0.528978593827195,0.14403572562133,0.274150294528109,-0.0924249568074485,0.0790398332125119,0.0970784862591784,14,11,"['return', 'linearreg_slope', 'stochrsi_fastd', 'bop', 'willr', 'cmo', 'cci', 'macdfix_hist', 'plus_di', 'ppo', 'minus_di', 'intraday_change']"
messy-aqua-neanderthal,0.00627020646738274,0.99982044490631,-0.951731689917275,0.106356673231427,0.464963449034241,-0.207659074770843,0.0684898900792637,0.148634969647929,9,10,"['return', 'intraday_change', 'stochf_fastk', 'minus_di', 'rsi', 'rocr', '1_day_change', 'stochrsi_fastk', 'volume', 'mom', 'adosc']"
hasty-aqua-monster,9.68199232886183e-05,0.985511894682688,-0.228739137603056,0.0360814571528635,0.167829334559633,-0.0258769793723251,0.0615490077658907,0.0769990256675442,11,11,"['return', 'ht_phasor_inphase', 'macd_signal', 'macd_hist', '1_day_change', 'bop', 'rocp', 'adosc', 'stddev', 'rocr100', 'natr', 'plus_dm']"
muggy-pumpkin-yak,0.441513864717971,0.999977281512575,-0.560875733954444,0.194240914365686,0.458186497057584,-0.0764893294655587,0.0822711104124892,0.132463686962953,6,4,"['return', 'stochrsi_fastd', 'linearreg_angle', 'rocr100', 'stochf_fastk']"
paltry-xanthic-buffalo,13.37519661395,0.95901569711655,-0.625061098394014,0.0885833459113043,0.821301536654401,-0.0131797626153795,0.0359214184345138,0.185971445524879,8,6,"['return', 'roc', 'rocr100', 'cmo', 'ht_leadsine', 'plus_di', 'bop']"
paltry-brown-cassowary,0.014319241293138,0.999935061285447,-0.311725394532092,0.0929750949773061,0.113547977299617,-0.0396635912633924,0.0597216966116359,0.0670276177234099,10,7,"['return', 'stochf_fastk', 'willr', 'minus_dm', 'stddev', 'correl', 'ppo', 'cci']"
lanky-lilac-kakapo,45.7087320725586,0.999955596832798,-1.2593499208095,0.111356945637999,0.910533346349868,-0.0241414652144814,0.0546162697439381,0.0973451488183938,8,3,"['return', '1_day_change', 'adosc', 'ht_phasor_inphase']"
geeky-amber-clam,0.0171500805136072,0.999659193175771,-0.0763336870442068,0.0405646424392483,0.194178468271597,-0.0069233914446105,0.0469061638869237,0.112455542908804,7,10,"['return', 'macd_hist', 'linearreg_angle', 'bop', 'rocr100', 'cmo', 'mom', 'stochf_fastk', 'natr', 'minus_di', 'rocp']"
gimpy-tomato-hedgehog,0.305737448892483,0.999810256216792,-0.191701220048422,0.0873170041007751,0.158470165104712,-0.00950461330864183,0.0591387644583226,0.0772057675209237,5,5,"['return', 'cmo', 'rocp', 'macd_hist', 'macdfix_hist', 'cci']"
clammy-ecru-affenpinscher,47.8230769617445,0.974953285987248,-1.51175289029198,0.124269988269611,0.80027287243854,-0.14919399026604,0.0726836275378214,0.0870904432329806,13,3,"['return', 'macdfix_hist', 'linearreg_slope', '1_day_change']"
ugly-orchid-eagle,2.97439004373252,0.927184573355581,-0.0620558578335199,-0.0149475061171834,0.102996854766676,-0.0114747798728576,0.0311917961890106,0.0701616700234451,7,6,"['return', 'macd_signal', 'macdfix', 'natr', 'rocp', 'stoch_slowk', 'macd']"
wheezy-apricot-badger,0.24703533703877,0.99355581145966,-0.165811774393292,0.0658807688698715,0.133777690869359,0.00440186894222432,0.0593720998787732,0.0650575716914549,10,5,"['return', 'stoch_slowk', 'minus_di', 'volume', 'cmo', 'dx']"
flabby-charcoal-wrasse,31.8872939312865,0.997572466609219,-1.07140640504515,0.0925103234204531,0.921832067692041,-0.0313255946178894,0.0569688960851172,0.104128687597934,5,3,"['return', 'trange', '1_day_change', 'minus_di']"
lumpy-champagne-peccary,16.6596612444474,0.951040513205691,-1.25862121116773,0.122128788933241,1.01060252462598,-0.101787346054977,0.0716068257316464,0.0872074425898509,9,4,"['return', 'apo', 'stochf_fastd', 'rocr100', '1_day_change']"
gimpy-cinnamon-wildebeest,1.93748662593442,0.999946043351558,-0.540080723852621,0.122391713875064,0.381780069223198,-0.0874628949096524,0.0669628489345667,0.127452193546994,3,4,"['return', 'cmo', 'rsi', 'stochf_fastk', '1_day_change']"
nerdy-seashell-loon,0.000582726348119229,0.995602924333056,-0.264112187752979,0.083721653246532,0.147442286504254,-0.094435726105802,0.057552362972049,0.10401634874772,10,10,"['return', 'adosc', 'var', 'rsi', 'macd_hist', 'linearreg_slope', 'rocr100', 'intraday_change', 'ht_phasor_inphase', 'stochf_fastd', 'bop']"
clammy-chartreuse-duck,3.16262888537088e-56,0.999991398285689,-0.227494998119035,0.109038330646663,0.168320159971048,0.00485507831674593,0.0601479792534344,0.0695659399075192,11,12,"['return', 'var', 'cmo', 'ultosc', 'stochrsi_fastd', 'beta', 'rsi', 'mom', 'ma', 'rocr', 'minus_dm', 'plus_dm', 'close']"
ready-bistre-tarsier,0.0488315810348948,-0.391644443683247,-0.0621507308705625,0.0803115947048196,0.106590859715404,0.0563724744445244,0.0371115995086037,0.0561984883153737,6,12,"['return', 'roc', 'ht_dcphase', 'rocr100', 'stochf_fastk', 'stoch_slowk', 'rocr', 'ultosc', 'aroon_down', 'rocp', 'intraday_change', 'adosc', 'cmo']"
wiggy-peach-wasp,0.0146556438276754,0.995024604742614,-0.00572335434063233,0.0157046070849561,0.127335737578305,0.0255607405632162,0.043418013508456,0.0808034877398628,5,8,"['return', 'stochf_fastk', 'ultosc', 'macd_hist', 'adxr', 'stddev', 'willr', 'cmo', 'atr']"
sleepy-emerald-octopus,0.00964833352941417,0.999999841726448,-0.0308033067378006,0.0700225045150007,0.124764505873835,0.0302560270830329,0.0559053325690021,0.0680627340612875,6,5,"['return', 'adx', 'rsi', 'var', 'mom', 'plus_dm']"
scummy-cardinal-markhor,10.5599217559435,0.995087255075073,0.00031468002358901,0.0110665133699645,0.14959073681359,0.0230609053120845,0.030998621829447,0.100079518048161,13,8,"['return', '1_day_change', 'macd_signal', 'plus_dm', 'stochrsi_fastd', 'stochf_fastd', 'mom', 'macd', 'macdfix']"
greasy-sepia-chicken,48.1157707952193,0.966730293138592,-1.15535852594582,0.159211362162599,0.526466033674854,-0.00197676139516065,0.0613099913554135,0.0571464567268465,11,5,"['return', '1_day_change', 'stochf_fastd', 'ht_dcphase', 'willr', 'stochf_fastk']"
pretty-lavender-dachshund,9.84384201485491e-14,0.999957438152689,-0.558088551129908,-0.0198179543200537,0.257168498335026,0.00707043515071016,0.0459969040809068,0.0647557294702012,10,8,"['return', 'adxr', 'macd_hist', 'bop', 'trange', 'high', 'var', 'rocr', 'ht_dcphase']"
wheezy-saffron-fousek,0.00227115864831592,0.965880869266017,-0.0673012349550267,0.0389670389872899,0.207458125012608,0.00642293438796375,0.031100358896397,0.136678963269638,7,13,"['return', 'ultosc', 'rocr100', 'mom', 'stochrsi_fastd', 'volume', 'adosc', '1_day_change', 'macdfix_hist', 'macd_hist', 'willr', 'beta', 'rocr', 'linearreg_angle']"
paltry-cardinal-dachsbracke,0.00163723388367052,0.498292391372471,-0.0610343170393902,0.0119784761163213,0.124807304483019,0.0154886956147962,0.0881372054737189,0.055175151258197,8,12,"['return', 'cmo', 'macdfix_signal', 'aroon_up', 'roc', 'rocr', 'stochf_fastd', 'willr', 'stddev', 'ht_dcphase', '1_day_change', 'macd_hist', 'ultosc']"
randy-cornflower-bulldog,0.0501273946922174,0.998332821442287,-0.0498517069454265,0.0320531477301052,0.114538656432991,0.00580483196788399,0.0481301702956738,0.0763550316168896,9,9,"['return', 'rsi', 'macdfix_signal', 'volume', 'rocr100', 'rocp', 'cmo', 'macd', 'obv', 'linearreg_slope']"
flabby-cinnamon-moth,0.383899715492848,0.989828942961529,-0.221294356001813,0.050918151567004,0.218306197516855,-0.0868220983108539,0.0707974232663059,0.118304576261601,4,7,"['return', 'volume', 'intraday_change', 'plus_dm', 'roc', 'macd_hist', 'stochf_fastd', 'rocp']"
blurry-aquamarine-angora,0.323941160967862,0.995157503194609,-1.16178243898359,0.0673304057106369,0.534098975958382,-0.112541540187824,0.0628506841858317,0.100058094480188,13,11,"['return', 'stochf_fastk', 'stochrsi_fastd', '1_day_change', 'macdfix_hist', 'ht_phasor_inphase', 'var', 'aroon_down', 'cmo', 'rocp', 'bop', 'rocr100']"
hilly-smalt-gorilla,0.00050508648016943,0.999875486782859,-1.1370360935559,0.106315347968539,0.409198219093447,-0.132747913948106,0.0620782656558382,0.103293275889657,9,8,"['return', 'obv', 'volume', 'minus_dm', 'atr', 'trange', '1_day_change', 'roc', 'stochf_fastk']"
squeaky-saffron-gorilla,0.00125588529611431,0.996826100198727,-0.0573854732284851,-0.00578060268492676,0.162270465197119,0.0174730994550456,0.0246750102934651,0.0933474158146611,8,13,"['return', 'rocr', 'minus_dm', 'macd_hist', 'intraday_change', 'var', 'atr', 'willr', 'trange', 'cci', 'linearreg_slope', 'stochf_fastk', 'rocr100', 'linearreg_angle']"
breezy-zucchini-setter,0.00741310334542515,0.999971223802508,-0.0711603779635372,0.0520884737648919,0.187689761567007,0.00101612938134693,0.0532541397220989,0.102695985462636,6,10,"['return', 'plus_dm', 'stochf_fastd', 'beta', 'mom', 'macdfix_hist', 'willr', 'macd', 'rocr', 'atr', 'volume']"
muzzy-alizarin-mandrill,3.47863081917561e-05,0.993913367633997,-0.0645656491117484,-0.04080137132035,0.137008273416738,0.00476203941025599,0.0110823568137588,0.0850405085643435,14,13,"['return', 'macdfix', '1_day_change', 'stochrsi_fastk', 'linearreg_angle', 'ultosc', 'trange', 'natr', 'dx', 'plus_di', 'macd_signal', 'ht_dcperiod', 'var', 'rsi']"
ugly-carmine-tortoise,9.04179559804329e-05,0.998617490486869,-0.345200170602141,0.148351108835448,0.30193034103056,-0.069333951210429,0.0769026418697364,0.133353454017525,9,14,"['return', 'mom', 'linearreg_angle', 'roc', 'minus_di', 'cci', 'stddev', '1_day_change', 'intraday_change', 'volume', 'bop', 'aroon_up', 'stochf_fastd', 'beta', 'linearreg_slope']"
trippy-taupe-barb,0.082139615306061,0.898306048438828,-0.503961814523767,0.310552551832347,0.350970026076757,-0.0279123727840702,0.131889320077902,0.0656137136173187,13,5,"['return', 'ht_sine', 'ht_phasor_inphase', 'stochf_fastk', 'stochrsi_fastk', 'bop']"
foggy-cream-toad,0.344004423621817,0.999471065458871,-0.892428677976393,0.11239520883307,0.855511912433873,-0.0745185211723272,0.0614188477526556,0.147583460794319,7,4,"['return', 'bop', 'stochrsi_fastd', 'cmo', 'minus_di']"
slimy-goldenrod-lobster,0.000433101471251808,0.994642437176633,-0.788507313166669,0.165853336388388,0.56732237833133,-0.0527468556437759,0.0718272606099651,0.10080195169887,9,13,"['return', 'aroon_up', 'trange', 'mom', 'ultosc', 'rocp', 'willr', 'stochrsi_fastk', 'stochf_fastk', 'ppo', 'minus_di', 'plus_di', 'linearreg_angle', 'stoch_slowk']"
lanky-auburn-tiger,1.56086840261464,0.999962774922373,-0.022219058172791,-0.021143871753794,0.168779653840265,0.0150943199218356,0.0206405017283656,0.104253765290025,12,7,"['return', 'aroon_up', 'cci', 'trange', 'macd_hist', 'minus_dm', 'rocp', 'rocr100']"
cozy-gold-baboon,1.51843081004832,0.999995087607594,-0.310295809985276,0.123706763615225,0.153775111586333,-0.0969309038111577,0.0804508411235765,0.0912375073611573,3,5,"['return', 'volume', 'trange', 'ht_dcperiod', 'dx', 'beta']"
skimpy-yellow-giraffe,0.0139604312926208,0.998965208434995,-0.062861238479781,0.0179298695673795,0.20263612299971,0.0104574118385459,0.0385484404780719,0.103775920813453,12,5,"['return', 'roc', 'volume', 'stochrsi_fastd', 'stddev', 'apo']"
clammy-harlequin-fox,0.27658696189513,0.999968738671672,-0.535287543335778,0.130783570821933,0.355682394296834,-0.0869710821660523,0.0718395063536389,0.121038906296223,3,10,"['return', 'stochf_fastd', 'adosc', 'stochf_fastk', 'dx', 'trima', 'rocr', 'trange', 'adx', 'stochrsi_fastk', '1_day_change']"
seedy-mauve-leopard,0.0828659152894572,0.998681828352834,-0.518187835229504,0.119224391519209,0.360883820494594,-0.113323027288209,0.0673556809993023,0.149010883702699,4,12,"['return', 'adosc', 'stochrsi_fastk', 'rocp', 'rsi', 'stochf_fastk', 'volume', 'var', 'aroon_up', 'intraday_change', 'linearreg_slope', 'dx', 'macd']"
silly-red-giraffe,32.9826084344011,0.995142892644421,-1.59400741110653,0.102127043733229,0.844614934621801,-0.0737382961281132,0.0507970080922335,0.128641089118637,9,3,"['return', 'macd', '1_day_change', 'linearreg_slope']"
surly-orange-kiwi,0.00561612345347574,0.998112906496534,-0.0538485303438088,0.0226832810959026,0.120481308903335,0.0181077152420414,0.0413970265906683,0.0722861461233771,6,11,"['return', 'volume', 'cmo', 'stddev', 'beta', 'minus_dm', 'willr', 'cci', 'ht_dcphase', 'rocr', 'plus_dm', 'apo']"
sleepy-chocolate-spaniel,0.0299782434663319,0.999962410467413,-0.773917590603978,0.133965659775592,0.374679574174485,-0.2228004586321,0.0808233795035354,0.149538369969942,5,10,"['return', 'stochrsi_fastk', 'macdfix_hist', 'willr', 'rsi', 'volume', 'apo', 'bop', 'plus_di', 'cmo', 'stoch_slowk']"
flabby-celadon-mandrill,0.106852306933618,0.99999907529233,-0.77849193506743,0.123087305285784,0.470360443720894,-0.0841329039871347,0.0633032423513608,0.116902810097979,5,7,"['return', 'rocr100', 'stochrsi_fastk', 'willr', 'macd_hist', 'stochf_fastk', 'plus_di', 'minus_di']"
homey-linen-ray,0.730263961434541,0.999980188747795,-0.455491310068245,0.0974881034602563,0.413708111221923,-0.115188810967177,0.0660820221686405,0.166446507441016,3,7,"['return', 'rocr100', 'roc', '1_day_change', 'natr', 'macdfix', 'trange', 'stddev']"
silly-xanthic-barracuda,4.01314938504555e-15,0.99983695683169,-0.235683549706606,0.120375309621543,0.613594749455767,-0.0703561035460807,0.0812957466017078,0.27795971024937,13,13,"['return', 'trange', 'macd_hist', 'willr', 'natr', 'apo', 'intraday_change', '1_day_change', 'cci', 'bbands_middle', 'plus_dm', 'ma', 'bop', 'stddev']"
ready-wisteria-dodo,0.453840800023347,0.997817263036698,-1.42830148522693,0.0937866002319233,0.614565386258908,-0.283278436363082,0.0662406698101466,0.141922487032117,14,4,"['return', 'ppo', 'adosc', 'intraday_change', 'volume']"
skanky-tan-turkey,0.0253187085106191,0.722717529805745,-0.132567250341856,0.0385194075988692,0.13035540502451,-0.0119623088578252,0.102188067739426,0.0527106572898181,8,10,"['return', 'dx', 'mom', 'macd', 'minus_di', 'ht_trendmode', 'intraday_change', 'rsi', 'linearreg_angle', 'bop', 'apo']"
homely-eggplant-spitz,0.00939678692335091,0.991635740324377,-0.0175138378137366,0.00693465371602036,0.113124737953065,0.0435605646575915,0.0485173843512021,0.0557813585552589,6,14,"['return', 'stoch_slowk', 'correl', 'ht_phasor_inphase', '1_day_change', 'cmo', 'plus_di', 'linearreg_slope', 'bop', 'stddev', 'natr', 'rocr100', 'rocr', 'minus_di', 'mfi']"
sunny-denim-audemer,0.0155308868484124,0.990552338223555,-0.0650760541041442,0.0449295280967353,0.209001309714878,-7.10602234660856e-05,0.0403240369498367,0.129196198455744,14,9,"['return', 'macdfix_hist', 'plus_di', 'natr', 'var', 'stochrsi_fastd', 'intraday_change', 'beta', 'macd_hist', 'cmo']"
craggy-jade-toucan,1.63926056492672,0.999793279706236,-0.957677252822155,0.128265074603142,0.403851273760523,-0.0307440411705592,0.056241790719361,0.079901710269117,12,8,"['return', 'cci', 'stochf_fastk', 'stoch_slowk', '1_day_change', 'minus_dm', 'rocp', 'stochrsi_fastk', 'willr']"
flabby-aquamarine-budgerigar,4.385589994353e-38,0.999419974429255,-0.101834756962997,0.051733044632956,0.102681037394441,-0.000704733202459971,0.0540244947585463,0.0665514072216115,14,10,"['return', 'atr', 'minus_dm', 'mfi', 'rocr', 'bbands_upper', 'macdfix_hist', 'ht_sine', 'trange', 'stochrsi_fastk', 'linearreg_intercept']"
messy-celadon-weasel,0.0270996345987097,0.995825383041431,-0.608194155492729,0.116446916660052,0.477697505585175,-0.121574093777144,0.0759217349825491,0.135669563365455,5,12,"['return', 'volume', 'macd', 'linearreg_angle', 'cmo', 'intraday_change', 'dx', 'aroonosc', 'stochrsi_fastk', 'stochf_fastk', 'cci', 'natr', 'ultosc']"
silly-malachite-fish,0.00231465942965985,0.998544339520108,-0.060813218271983,-0.022440056028188,0.213868324290312,0.00540715834915064,0.0301069171310403,0.10854594474244,8,9,"['return', 'beta', 'dx', 'stochf_fastk', 'bop', 'willr', 'roc', 'var', 'rocp', 'ultosc']"
trippy-indigo-bloodhound,1038.56690914128,0.311735739211179,-1.17201624950304,0.0859298761981667,0.918885643773405,0.0279566196057268,0.0617647519348426,0.0348229529174229,14,7,"['return', 'ultosc', '1_day_change', 'cci', 'rocp', 'roc', 'willr', 'intraday_change']"
squirrely-asparagus-mammoth,0.00147852549158169,0.99999993777368,-0.0063817038702561,0.0071822096406838,0.153200524162062,0.0264258495919645,0.0274179878364585,0.0999952379322847,7,12,"['return', 'plus_dm', 'bop', 'stochf_fastd', 'rocp', 'stoch_slowk', 'atr', 'cci', '1_day_change', 'rsi', 'minus_di', 'trange', 'minus_dm']"
snoopy-heliotrope-monster,0.0115898355210243,0.995266236766322,-0.30563778341977,0.105290708832347,0.29071996181492,-0.105724617018875,0.0814193304175447,0.129941049029225,5,14,"['return', 'trix', 'intraday_change', 'trange', 'stochrsi_fastk', 'apo', 'stochf_fastk', 'ht_leadsine', 'obv', 'cci', 'ht_dcphase', 'rocr100', 'stoch_slowk', 'volume', 'natr']"
snoopy-sangria-bobcat,0.245697513997102,0.995162763318323,-0.105105136119397,-0.0708603716411204,0.157046446684459,-0.00297550784523826,0.0225438940667609,0.0812391628514461,4,8,"['return', 'adosc', 'stochf_fastd', 'sarext', 'volume', 'stochf_fastk', 'rocr', 'mom', 'apo']"
dorky-cream-newfoundland,1.66911745557309,0.995084742789366,-0.24402210210915,0.049665088638991,0.16385670257288,-0.0155126182120937,0.04588001317423,0.0788525010151265,3,6,"['return', 'cci', 'roc', 'willr', '1_day_change', 'dx', 'cmo']"
goopy-cinnabar-clam,0.367970410346497,0.999982852436688,-0.0414661255004579,0.0894522339006453,0.140506834663931,0.000504987808316209,0.0717150251145083,0.0957552296320517,13,7,"['return', 'stddev', 'trix', 'linearreg_angle', 'rocr', 'mfi', 'trange', 'rocp']"
pretty-razzmatazz-rattlesnake,0.062998718095035,0.998544236418775,-0.866140245291358,0.114602096352775,0.729764686434111,-0.127922219197117,0.0690196747764893,0.165469506443341,12,9,"['return', 'rocr', 'willr', 'macd_hist', 'bop', 'rocr100', 'intraday_change', 'volume', 'macdfix_signal', 'stochrsi_fastk']"
paltry-chartreuse-lobster,0.298807368462525,0.999921213361047,-0.785178665895417,0.239102486880053,0.416826778383271,-0.026730166195461,0.0678694672662885,0.0846243756995271,7,5,"['return', 'minus_di', 'stochrsi_fastk', 'plus_di', 'bop', 'stochf_fastk']"
ready-silver-bombay,0.00329776945956789,0.999453128579138,-0.7649349790814,0.111126749896722,0.530255060131511,-0.028551522464614,0.0588596677195299,0.093815126424045,12,10,"['return', 'trange', 'aroonosc', 'macdfix_hist', '1_day_change', 'mom', 'mfi', 'minus_dm', 'rsi', 'stochrsi_fastk', 'stochrsi_fastd']"
