Date,Open,High,Low,Close,Adj Close,Volume,state
2015-09-09,16.59,16.6,15.35,15.48,15.48,35160600,1.0
2015-09-10,15.42,16.29,15.36,15.98,15.98,30895200,1.0
2015-09-11,15.76,16.24,15.62,16.24,16.24,23715000,1.0
2015-09-14,16.42,16.42,15.91,16.09,16.09,22083000,1.0
2015-09-15,16.21,16.82,16.03,16.65,16.65,19081800,2.0
2015-09-16,16.68,16.99,16.5,16.93,16.93,17551800,1.0
2015-09-17,16.91,17.73,16.75,16.98,16.98,30295200,1.0
2015-09-18,16.2,16.84,16.16,16.26,16.26,34042800,1.0
2015-09-21,16.51,16.79,15.96,16.4,16.4,25039200,1.0
2015-09-22,15.64,15.82,15.21,15.67,15.67,35474400,1.0
2015-09-23,15.78,15.91,15.45,15.7,15.7,27970200,1.0
2015-09-24,15.23,15.7,14.83,15.52,15.52,36729600,1.0
2015-09-25,16.04,16.07,14.84,15.14,15.14,35478000,1.0
2015-09-28,14.93,14.96,13.7,13.84,13.84,45007200,2.0
2015-09-29,13.94,14.36,13.32,13.63,13.63,45718800,2.0
2015-09-30,14.2,14.6,14.03,14.53,14.53,41733000,2.0
2015-10-01,14.62,14.74,14.05,14.73,14.73,27408000,2.0
2015-10-02,14.14,15.52,14.0,15.5,15.5,39675600,2.0
2015-10-05,15.86,16.31,15.76,16.21,16.21,26019000,2.0
2015-10-06,16.09,16.23,15.57,15.98,15.98,28765200,0.0
2015-10-07,16.26,16.34,15.63,16.23,16.23,31638600,0.0
2015-10-08,16.06,16.52,15.59,16.43,16.43,36484200,0.0
2015-10-09,16.45,16.75,16.32,16.63,16.63,21903000,0.0
2015-10-12,16.76,16.87,16.57,16.77,16.77,19067400,0.0
2015-10-13,16.48,17.0,16.4,16.44,16.44,26620800,0.0
2015-10-14,16.45,16.69,16.16,16.37,16.37,22916400,0.0
2015-10-15,16.55,17.17,16.49,17.17,17.17,26821200,1.0
2015-10-16,17.28,17.42,17.03,17.39,17.39,16580400,1.0
2015-10-19,17.31,17.73,17.21,17.7,17.7,20452800,1.0
2015-10-20,17.59,17.71,17.24,17.4,17.4,18156600,1.0
2015-10-21,17.68,17.73,17.07,17.12,17.12,22062000,1.0
2015-10-22,17.55,18.18,17.41,18.14,18.14,32469000,1.0
2015-10-23,19.6,19.89,19.31,19.65,19.65,25507200,0.0
2015-10-26,19.62,19.81,19.4,19.7,19.7,14986200,0.0
2015-10-27,19.55,19.9,19.53,19.83,19.83,13057800,0.0
2015-10-28,19.92,20.31,19.43,20.29,20.29,26119800,1.0
2015-10-29,20.03,20.32,19.97,20.22,20.22,12478200,1.0
2015-10-30,20.25,20.35,19.94,19.94,19.94,15009000,1.0
2015-11-02,20.09,20.69,19.98,20.62,20.62,13825200,1.0
2015-11-03,20.5,21.06,20.4,20.82,20.82,15453000,1.0
2015-11-04,21.02,21.08,20.58,20.83,20.83,18229200,1.0
2015-11-05,20.89,21.04,20.34,20.64,20.64,17781600,1.0
2015-11-06,20.56,20.78,20.15,20.71,20.71,17031000,1.0
2015-11-09,20.47,20.56,19.66,20.05,20.05,18914400,1.0
2015-11-10,19.73,19.94,19.55,19.9,19.9,12340200,1.0
2015-11-11,20.06,20.34,19.72,19.82,19.82,12603600,1.0
2015-11-12,19.56,19.86,19.2,19.24,19.24,17241000,0.0
2015-11-13,19.0,19.06,18.08,18.11,18.11,24712200,0.0
2015-11-16,18.05,18.89,17.92,18.86,18.86,23193000,0.0
2015-11-17,18.98,19.33,18.77,18.93,18.93,27676800,0.0
2015-11-18,19.14,20.07,19.09,20.01,20.01,24534600,2.0
2015-11-19,20.05,20.32,19.94,20.04,20.04,12994800,2.0
2015-11-20,20.32,20.5,20.27,20.44,20.44,12749400,1.0
2015-11-23,20.47,20.7,20.02,20.28,20.28,14109600,1.0
2015-11-24,19.88,20.36,19.57,20.21,20.21,16561800,1.0
2015-11-25,20.29,20.39,20.15,20.26,20.26,6997200,1.0
2015-11-27,20.4,20.48,20.15,20.33,20.33,3400800,1.0
2015-11-30,20.53,20.54,20.0,20.2,20.2,11659200,2.0
2015-12-01,20.43,20.8,20.36,20.8,20.8,14630400,2.0
2015-12-02,20.84,21.12,20.32,20.42,20.42,15261600,1.0
2015-12-03,20.59,20.68,19.03,19.38,19.38,28239000,0.0
2015-12-04,19.55,20.83,19.43,20.72,20.72,21661200,2.0
2015-12-07,20.78,20.82,20.16,20.46,20.46,17306400,2.0
2015-12-08,19.81,20.65,19.79,20.46,20.46,20325000,1.0
2015-12-09,20.17,20.52,19.16,19.51,19.51,36216600,0.0
2015-12-10,19.65,20.17,19.48,19.79,19.79,20365800,0.0
2015-12-11,19.1,19.25,18.39,18.43,18.43,36859200,0.0
2015-12-14,18.51,18.86,17.71,18.84,18.84,29043000,0.0
2015-12-15,19.33,19.67,19.11,19.16,19.16,23944800,0.0
2015-12-16,19.57,20.13,18.98,20.01,20.01,24564000,2.0
2015-12-17,20.28,20.29,19.15,19.18,19.18,23689200,0.0
2015-12-18,18.97,19.1,18.08,18.12,18.12,25619400,0.0
2015-12-21,18.57,18.66,18.17,18.66,18.66,16007400,0.0
2015-12-22,18.95,19.1,18.66,19.01,19.01,16755600,2.0
2015-12-23,19.31,19.48,19.21,19.45,19.45,13737000,2.0
2015-12-24,19.43,19.59,19.4,19.41,19.41,6060000,2.0
2015-12-28,19.27,19.41,18.86,19.41,19.41,12834000,1.0
2015-12-29,19.74,20.44,19.7,20.29,20.29,18163200,1.0
2015-12-30,20.25,20.28,19.76,19.77,19.77,11199000,1.0
2015-12-31,19.56,19.66,19.02,19.04,19.04,21988200,0.0
2016-01-04,17.77,17.88,17.12,17.88,17.88,33233400,0.0
2016-01-05,18.08,18.16,17.47,17.72,17.72,16540800,0.0
2016-01-06,16.83,17.51,16.81,17.24,17.24,30473400,0.0
2016-01-07,16.12,16.75,15.58,15.6,15.6,42543600,0.0
2016-01-08,15.94,16.23,15.16,15.23,15.23,41477400,0.0
2016-01-11,15.55,15.67,14.65,15.36,15.36,42022200,0.0
2016-01-12,15.78,16.12,15.23,15.88,15.88,39690000,0.0
2016-01-13,16.08,16.19,14.17,14.22,14.22,51675000,0.0
2016-01-14,14.4,15.52,13.72,15.14,15.14,45427200,0.0
2016-01-15,13.63,14.22,13.15,13.75,13.75,70589400,0.0
2016-01-19,14.29,14.35,13.34,13.81,13.81,32403600,0.0
2016-01-20,13.16,14.13,12.26,13.68,13.68,69337200,0.0
2016-01-21,13.85,14.34,13.31,13.73,13.73,42264000,0.0
2016-01-22,14.54,14.94,14.42,14.92,14.92,35860200,2.0
2016-01-25,14.78,15.02,14.22,14.24,14.24,34635600,0.0
2016-01-26,14.43,14.82,14.06,14.65,14.65,30379800,0.0
2016-01-27,14.39,14.57,13.37,13.56,13.56,44789400,0.0
2016-01-28,14.2,14.23,13.42,14.1,14.1,39446400,2.0
2016-01-29,14.13,15.02,14.09,15.02,15.02,32214600,1.0
2016-02-01,14.77,15.29,14.61,15.1,15.1,28530000,1.0
2016-02-02,14.92,14.92,14.0,14.14,14.14,32108400,1.0
2016-02-03,14.41,14.41,13.19,13.94,13.94,58912800,1.0
2016-02-04,13.8,14.26,13.44,13.92,13.92,35504400,1.0
2016-02-05,13.78,13.8,12.33,12.48,12.48,53722200,0.0
2016-02-08,11.79,12.06,11.22,11.91,11.91,64370400,0.0
2016-02-09,11.42,12.33,11.37,11.78,11.78,57436800,0.0
2016-02-10,12.21,12.65,11.9,11.92,11.92,46941000,0.0
2016-02-11,11.47,12.15,11.36,11.89,11.89,59634600,0.0
2016-02-12,12.26,12.45,11.94,12.4,12.4,39553800,0.0
2016-02-16,12.97,13.22,12.73,13.22,13.22,37414200,2.0
2016-02-17,13.56,14.2,13.43,14.13,14.13,45654000,1.0
2016-02-18,14.28,14.29,13.61,13.65,13.65,32237400,1.0
2016-02-19,13.5,13.91,13.37,13.8,13.8,29866800,1.0
2016-02-22,14.17,14.49,14.13,14.45,14.45,31033200,1.0
2016-02-23,14.19,14.31,13.71,13.73,13.73,33478200,1.0
2016-02-24,13.26,14.18,13.01,14.14,14.14,43819800,1.0
2016-02-25,14.23,14.54,13.84,14.52,14.52,32449800,1.0
2016-02-26,14.86,14.89,14.39,14.49,14.49,31072200,1.0
2016-02-29,14.46,14.78,14.11,14.11,14.11,28746000,1.0
2016-03-01,14.49,15.46,14.38,15.46,15.46,38892000,1.0
2016-03-02,15.4,15.49,15.12,15.48,15.48,24246600,1.0
2016-03-03,15.44,15.45,15.06,15.39,15.39,25824600,1.0
2016-03-04,15.45,15.71,15.1,15.41,15.41,29730600,1.0
2016-03-07,15.18,15.44,14.8,15.13,15.13,23640600,1.0
2016-03-08,14.81,15.21,14.67,14.73,14.73,26570400,1.0
2016-03-09,14.93,15.04,14.67,15.01,15.01,26043000,1.0
2016-03-10,15.25,15.48,14.38,14.95,14.95,42931800,1.0
2016-03-11,15.44,15.74,15.31,15.73,15.73,21207600,1.0
2016-03-14,15.57,15.94,15.55,15.82,15.82,19645800,1.0
2016-03-15,15.66,15.85,15.5,15.81,15.81,24139800,1.0
2016-03-16,15.67,16.35,15.67,16.21,16.21,22057200,1.0
2016-03-17,16.09,16.31,15.9,16.17,16.17,15938400,1.0
2016-03-18,16.3,16.4,16.02,16.26,16.26,18442200,1.0
2016-03-21,16.19,16.51,16.16,16.45,16.45,17001000,1.0
2016-03-22,16.19,16.73,16.17,16.6,16.6,15901800,1.0
2016-03-23,16.51,16.55,16.09,16.2,16.2,19306800,1.0
2016-03-24,15.94,16.23,15.88,16.2,16.2,15877800,1.0
2016-03-28,16.36,16.37,16.06,16.14,16.14,16173000,1.0
2016-03-29,16.05,16.95,15.98,16.91,16.91,22474200,1.0
2016-03-30,17.22,17.49,17.06,17.17,17.17,26235600,1.0
2016-03-31,17.13,17.32,17.01,17.07,17.07,14815200,1.0
2016-04-01,16.81,17.66,16.71,17.64,17.64,20377800,1.0
2016-04-04,17.61,17.67,17.31,17.42,17.42,17079000,1.0
2016-04-05,17.02,17.22,16.86,16.95,16.95,18355200,1.0
2016-04-06,17.0,17.77,16.98,17.76,17.76,22761000,1.0
2016-04-07,17.46,17.55,16.77,16.99,16.99,31528200,1.0
2016-04-08,17.3,17.42,16.78,16.95,16.95,20780400,1.0
2016-04-11,17.17,17.42,16.76,16.77,16.77,17132400,1.0
2016-04-12,16.8,17.28,16.49,17.16,17.16,22803000,1.0
2016-04-13,17.58,17.92,17.51,17.83,17.83,20272800,1.0
2016-04-14,17.84,18.04,17.7,17.84,17.84,13905000,1.0
2016-04-15,17.79,17.91,17.57,17.71,17.71,10386600,1.0
2016-04-18,17.56,18.01,17.53,17.97,17.97,12682800,1.0
2016-04-19,18.15,18.17,17.38,17.66,17.66,19822800,1.0
2016-04-20,17.64,17.94,17.47,17.7,17.7,13471200,1.0
2016-04-21,17.69,17.89,17.47,17.71,17.71,16684200,2.0
2016-04-22,17.03,17.26,16.5,16.91,16.91,25165200,2.0
2016-04-25,16.72,16.9,16.66,16.89,16.89,12118800,2.0
2016-04-26,16.99,17.09,16.5,16.66,16.66,13664400,2.0
2016-04-27,16.16,16.36,15.84,16.26,16.26,22875600,2.0
2016-04-28,16.32,16.59,15.57,15.69,15.69,20096400,1.0
2016-04-29,15.63,15.76,15.05,15.44,15.44,23907600,1.0
2016-05-02,15.53,15.91,15.34,15.84,15.84,14752200,1.0
2016-05-03,15.51,15.72,15.28,15.42,15.42,18245400,1.0
2016-05-04,15.14,15.3,15.0,15.12,15.12,19393200,0.0
2016-05-05,15.26,15.37,15.0,15.11,15.11,17997000,0.0
2016-05-06,14.87,15.34,14.82,15.33,15.33,19606200,0.0
2016-05-09,15.34,15.67,15.32,15.46,15.46,14817600,0.0
2016-05-10,15.63,16.12,15.55,16.11,16.11,14560200,1.0
2016-05-11,16.03,16.17,15.65,15.67,15.67,15883200,1.0
2016-05-12,15.79,15.82,15.13,15.45,15.45,23092800,1.0
2016-05-13,15.44,15.69,15.19,15.26,15.26,19495800,1.0
2016-05-16,15.32,16.02,15.31,15.85,15.85,14661600,1.0
2016-05-17,15.83,15.94,15.13,15.24,15.24,23403600,1.0
2016-05-18,15.16,15.66,15.05,15.42,15.42,29746200,1.0
2016-05-19,15.23,15.36,14.84,15.17,15.17,31762200,1.0
2016-05-20,15.36,15.86,15.33,15.68,15.68,15669000,1.0
2016-05-23,15.72,15.9,15.57,15.6,15.6,10866000,1.0
2016-05-24,15.87,16.61,15.86,16.56,16.56,18750600,1.0
2016-05-25,16.75,17.06,16.66,16.92,16.92,17605800,1.0
2016-05-26,16.97,17.12,16.84,17.06,17.06,11908800,2.0
2016-05-27,17.08,17.33,17.08,17.31,17.31,13392600,2.0
2016-05-31,17.41,17.5,17.16,17.42,17.42,14118600,2.0
2016-06-01,17.26,17.53,17.21,17.42,17.42,12567000,2.0
2016-06-02,17.31,17.53,17.03,17.52,17.52,13082400,2.0
2016-06-03,17.42,17.45,16.94,17.28,17.28,19441200,2.0
2016-06-06,17.36,17.6,17.29,17.47,17.47,10749600,2.0
2016-06-07,17.52,17.55,17.31,17.34,17.34,9638400,2.0
2016-06-08,17.44,17.53,17.23,17.42,17.42,10282800,2.0
2016-06-09,17.21,17.4,17.11,17.34,17.34,12466200,2.0
2016-06-10,16.88,16.96,16.57,16.76,16.76,20220000,2.0
2016-06-13,16.48,16.74,16.27,16.33,16.33,14881200,1.0
2016-06-14,16.2,16.5,15.97,16.34,16.34,17716200,1.0
2016-06-15,16.44,16.5,16.1,16.19,16.19,13297200,1.0
2016-06-16,15.95,16.37,15.63,16.31,16.31,20545200,1.0
2016-06-17,16.24,16.24,15.64,15.75,15.75,20877600,1.0
2016-06-20,16.32,16.52,16.01,16.03,16.03,17405400,1.0
2016-06-21,16.13,16.3,16.02,16.19,16.19,10801800,1.0
2016-06-22,16.24,16.51,16.04,16.09,16.09,12912000,1.0
2016-06-23,16.46,16.77,16.26,16.77,16.77,16069800,1.0
2016-06-24,15.0,15.73,14.6,14.71,14.71,40687800,0.0
2016-06-27,14.38,14.4,13.63,13.86,13.86,29495400,0.0
2016-06-28,14.28,14.74,14.27,14.73,14.73,24933600,0.0
2016-06-29,15.09,15.6,15.06,15.49,15.49,26058000,0.0
2016-06-30,15.58,16.07,15.43,16.05,16.05,20726400,1.0
2016-07-01,16.02,16.47,16.01,16.27,16.27,16428000,2.0
2016-07-05,16.06,16.09,15.73,15.98,15.98,16367400,2.0
2016-07-06,15.77,16.4,15.61,16.36,16.36,21684600,1.0
2016-07-07,16.43,16.63,16.29,16.52,16.52,15778800,1.0
2016-07-08,16.76,17.32,16.72,17.28,17.28,18755400,1.0
2016-07-11,17.48,17.78,17.46,17.58,17.58,17830800,2.0
2016-07-12,17.9,17.99,17.78,17.85,17.85,14473800,2.0
2016-07-13,18.0,18.01,17.72,17.73,17.73,15801600,2.0
2016-07-14,18.08,18.18,17.95,18.09,18.09,13738200,2.0
2016-07-15,18.2,18.24,17.88,17.99,17.99,10677000,2.0
2016-07-18,18.03,18.45,18.02,18.34,18.34,10482600,2.0
2016-07-19,18.17,18.32,18.06,18.15,18.15,9833400,2.0
2016-07-20,18.43,18.89,18.38,18.77,18.77,11340600,2.0
2016-07-21,18.83,18.93,18.5,18.66,18.66,14100600,2.0
2016-07-22,18.71,18.95,18.52,18.88,18.88,10850400,2.0
2016-07-25,18.84,18.9,18.7,18.9,18.9,9530400,2.0
2016-07-26,18.88,19.16,18.67,18.96,18.96,17044200,2.0
2016-07-27,19.42,19.5,19.1,19.33,19.33,16320600,2.0
2016-07-28,19.44,19.61,19.25,19.54,19.54,10890000,2.0
2016-07-29,19.68,19.83,19.49,19.67,19.67,12829200,1.0
2016-08-01,19.72,20.13,19.64,19.98,19.98,13164600,1.0
2016-08-02,19.89,19.95,19.15,19.53,19.53,20138400,1.0
2016-08-03,19.48,19.72,19.44,19.71,19.71,10666800,1.0
2016-08-04,19.71,19.94,19.56,19.89,19.89,10503600,1.0
2016-08-05,20.21,20.59,20.12,20.46,20.46,15435000,1.0
2016-08-08,20.5,20.51,20.19,20.4,20.4,9487800,1.0
2016-08-09,20.43,20.72,20.4,20.53,20.53,9977400,1.0
2016-08-10,20.55,20.58,20.21,20.38,20.38,10965000,1.0
2016-08-11,20.57,20.77,20.45,20.64,20.64,8581200,1.0
2016-08-12,20.52,20.68,20.46,20.68,20.68,8534400,1.0
2016-08-15,20.75,21.08,20.73,20.94,20.94,7156800,1.0
2016-08-16,20.82,20.83,20.58,20.61,20.61,7824600,1.0
2016-08-17,20.61,20.72,20.26,20.7,20.7,11229600,1.0
2016-08-18,20.64,20.8,20.53,20.72,20.72,7094400,1.0
2016-08-19,20.61,20.83,20.44,20.69,20.69,9202200,1.0
2016-08-22,20.6,20.85,20.49,20.72,20.72,9155400,1.0
2016-08-23,20.97,21.09,20.82,20.84,20.84,7831800,1.0
2016-08-24,20.81,20.9,20.24,20.44,20.44,8899800,1.0
2016-08-25,20.27,20.53,20.2,20.34,20.34,7305600,1.0
2016-08-26,20.37,20.83,20.07,20.44,20.44,13414200,1.0
2016-08-29,20.45,20.68,20.44,20.5,20.5,6229200,1.0
2016-08-30,20.42,20.59,20.1,20.31,20.31,8218800,1.0
2016-08-31,20.22,20.31,19.99,20.26,20.26,8952000,1.0
2016-09-01,20.27,20.47,19.97,20.35,20.35,10744200,1.0
2016-09-02,20.71,20.83,20.37,20.58,20.58,11342400,1.0
2016-09-06,20.71,20.98,20.57,20.97,20.97,8248200,1.0
2016-09-07,21.03,21.12,20.78,21.0,21.0,7259400,1.0
2016-09-08,20.83,20.84,20.49,20.65,20.65,8758200,1.0
2016-09-09,20.14,20.27,19.08,19.08,19.08,20114400,1.0
2016-09-12,18.79,20.19,18.76,20.06,20.06,16331400,1.0
2016-09-13,19.79,19.98,19.28,19.58,19.58,15663600,1.0
2016-09-14,19.64,20.17,19.61,19.84,19.84,13941000,0.0
2016-09-15,19.87,20.85,19.85,20.76,20.76,16482600,0.0
2016-09-16,20.7,20.8,20.43,20.73,20.73,10190400,1.0
2016-09-19,20.89,21.09,20.35,20.46,20.46,11458800,1.0
2016-09-20,20.67,20.83,20.48,20.58,20.58,9472800,0.0
2016-09-21,20.83,21.27,20.48,21.17,21.17,17325000,0.0
2016-09-22,21.57,21.76,21.49,21.67,21.67,9762600,0.0
2016-09-23,21.6,21.61,21.18,21.28,21.28,9133200,1.0
2016-09-26,20.91,20.99,20.65,20.75,20.75,10235400,1.0
2016-09-27,20.73,21.38,20.65,21.34,21.34,10362600,1.0
2016-09-28,21.42,21.49,21.13,21.45,21.45,9462000,1.0
2016-09-29,21.36,21.47,20.72,21.0,21.0,14353800,1.0
2016-09-30,21.19,21.65,21.09,21.43,21.43,9998400,1.0
2016-10-03,21.36,21.45,21.11,21.38,21.38,10219800,1.0
2016-10-04,21.53,21.69,21.03,21.26,21.26,14025600,1.0
2016-10-05,21.45,21.69,21.42,21.48,21.48,8607000,1.0
2016-10-06,21.4,21.59,21.15,21.45,21.45,9316200,1.0
2016-10-07,21.52,21.6,21.0,21.31,21.31,11320200,1.0
2016-10-10,21.62,21.86,21.61,21.69,21.69,7486200,1.0
2016-10-11,21.65,21.67,20.51,20.8,20.8,16205400,1.0
2016-10-12,20.82,20.94,20.54,20.75,20.75,10257000,1.0
2016-10-13,20.32,20.68,19.94,20.51,20.51,13053600,1.0
2016-10-14,20.78,21.05,20.54,20.56,20.56,10226400,1.0
2016-10-17,20.55,20.66,20.33,20.41,20.41,6982800,0.0
2016-10-18,21.12,21.24,20.92,20.94,20.94,9621000,0.0
2016-10-19,20.9,21.03,20.83,20.94,20.94,5881800,0.0
2016-10-20,20.85,21.0,20.5,20.86,20.86,8743800,0.0
2016-10-21,20.9,21.13,20.7,21.08,21.08,7329000,1.0
2016-10-24,21.51,21.9,21.49,21.85,21.85,8581200,1.0
2016-10-25,21.87,21.9,21.55,21.63,21.63,7464000,1.0
2016-10-26,21.22,21.56,21.02,21.22,21.22,11913600,1.0
2016-10-27,21.48,21.53,20.83,20.92,20.92,12880200,1.0
2016-10-28,20.72,21.06,20.33,20.56,20.56,17869800,1.0
2016-10-31,20.76,20.76,20.43,20.44,20.44,7113000,1.0
2016-11-01,20.58,20.58,19.47,20.02,20.02,12740400,1.0
2016-11-02,19.96,20.09,19.37,19.5,19.5,10220400,1.0
2016-11-03,19.42,19.6,18.87,18.94,18.94,10876800,1.0
2016-11-04,18.76,19.18,18.63,18.73,18.73,10615200,1.0
2016-11-07,19.63,20.13,19.56,20.07,20.07,12620400,1.0
2016-11-08,20.0,20.73,19.87,20.46,20.46,13823400,1.0
2016-11-09,19.74,20.84,19.68,20.75,20.75,22911600,1.0
2016-11-10,21.0,21.12,18.91,19.76,19.76,30996000,1.0
2016-11-11,19.45,19.89,19.27,19.74,19.74,14195400,2.0
2016-11-14,19.78,19.82,18.86,19.08,19.08,22194000,2.0
2016-11-15,19.56,20.14,19.5,19.96,19.96,13196400,2.0
2016-11-16,19.66,20.35,19.66,20.28,20.28,10792200,2.0
2016-11-17,20.27,20.75,20.15,20.75,20.75,9442200,2.0
2016-11-18,20.79,20.93,20.46,20.52,20.52,7882200,2.0
2016-11-21,20.65,21.2,20.64,21.14,21.14,10453200,2.0
2016-11-22,21.4,21.5,21.18,21.33,21.33,9585000,2.0
2016-11-23,21.12,21.19,20.8,21.07,21.07,9228000,2.0
2016-11-25,21.17,21.31,21.08,21.27,21.27,4785000,2.0
2016-11-28,21.18,21.43,21.07,21.16,21.16,8933400,2.0
2016-11-29,21.17,21.65,21.02,21.36,21.36,9322800,1.0
2016-11-30,21.4,21.45,20.56,20.67,20.67,18912000,1.0
2016-12-01,20.56,20.57,19.41,19.53,19.53,23298000,1.0
2016-12-02,19.55,19.86,19.38,19.61,19.61,12873000,1.0
2016-12-05,19.93,20.31,19.65,20.07,20.07,11242800,1.0
2016-12-06,20.22,20.33,19.97,20.21,20.21,8656800,1.0
2016-12-07,20.09,21.06,19.92,20.96,20.96,18608400,1.0
2016-12-08,21.01,21.26,20.89,21.09,21.09,14127000,2.0
2016-12-09,21.33,21.62,21.33,21.58,21.58,12834000,2.0
2016-12-12,21.29,21.42,21.04,21.28,21.28,11893800,2.0
2016-12-13,21.51,22.45,21.48,22.11,22.11,21149400,2.0
2016-12-14,22.16,22.4,21.76,21.95,21.95,17797200,1.0
2016-12-15,22.01,22.45,21.89,22.08,22.08,13303200,2.0
2016-12-16,22.19,22.33,21.69,21.82,21.82,14344200,2.0
2016-12-19,21.91,22.48,21.81,22.08,22.08,10446600,2.0
2016-12-20,22.26,22.46,22.22,22.35,22.35,7848000,2.0
2016-12-21,22.36,22.4,22.13,22.27,22.27,6036000,2.0
2016-12-22,22.28,22.31,21.84,22.08,22.08,8190000,1.0
2016-12-23,21.99,22.16,21.92,22.15,22.15,4031400,1.0
2016-12-27,22.27,22.85,22.24,22.47,22.47,9455400,1.0
2016-12-28,22.61,22.68,21.9,21.95,21.95,11417400,1.0
2016-12-29,21.94,22.08,21.65,21.84,21.84,10716000,1.0
2016-12-30,21.97,21.98,21.0,21.2,21.2,13173000,1.0
2017-01-03,21.6,21.98,21.4,21.72,21.72,12205800,1.0
2017-01-04,21.82,22.21,21.79,22.09,22.09,8314200,1.0
2017-01-05,22.07,22.51,22.05,22.48,22.48,7671600,1.0
2017-01-06,22.52,23.23,22.35,23.05,23.05,11974800,1.0
2017-01-09,23.11,23.4,23.06,23.28,23.28,8271600,1.0
2017-01-10,23.27,23.64,23.15,23.42,23.42,8292000,1.0
2017-01-11,23.43,23.61,23.09,23.6,23.6,11763000,1.0
2017-01-12,23.36,23.55,22.84,23.48,23.48,10064700,1.0
2017-01-13,23.55,23.86,23.55,23.75,23.75,7326600,1.0
2017-01-17,23.53,23.67,23.32,23.52,23.52,6941400,1.0
2017-01-18,23.63,23.73,23.44,23.68,23.68,6166200,1.0
2017-01-19,23.75,24.01,23.49,23.62,23.62,7466400,1.0
2017-01-20,23.93,24.12,23.6,23.77,23.77,7105800,1.0
2017-01-23,23.7,23.93,23.39,23.83,23.83,6906300,1.0
2017-01-24,23.96,24.43,23.86,24.32,24.32,6461400,1.0
2017-01-25,24.76,25.07,24.71,25.03,25.03,7018500,1.0
2017-01-26,25.15,25.29,25.0,25.14,25.14,6357000,1.0
2017-01-27,25.27,25.34,25.03,25.26,25.26,4156200,1.0
2017-01-30,24.99,25.0,24.26,24.68,24.68,9380400,1.0
2017-01-31,24.43,24.55,24.1,24.55,24.55,7452000,1.0
2017-02-01,25.03,25.17,24.69,25.01,25.01,9063900,1.0
2017-02-02,24.89,25.18,24.68,24.95,24.95,7236900,1.0
2017-02-03,25.05,25.25,24.97,25.17,25.17,6024000,1.0
2017-02-06,25.04,25.27,24.98,25.26,25.26,5213400,1.0
2017-02-07,25.39,25.7,25.35,25.52,25.52,5829300,1.0
2017-02-08,25.43,25.76,25.29,25.66,25.66,4620900,1.0
2017-02-09,25.73,26.11,25.69,25.93,25.93,6440700,1.0
2017-02-10,26.11,26.3,25.98,26.19,26.19,5984100,1.0
2017-02-13,26.43,26.74,26.39,26.65,26.65,5373600,1.0
2017-02-14,26.66,26.91,26.41,26.9,26.9,7833000,2.0
2017-02-15,26.86,27.41,26.8,27.36,27.36,9195600,2.0
2017-02-16,27.43,27.59,27.14,27.34,27.34,7993800,2.0
2017-02-17,27.22,27.7,27.21,27.68,27.68,6450900,2.0
2017-02-21,27.87,28.16,27.81,28.12,28.12,8341200,2.0
2017-02-22,28.03,28.19,27.89,28.12,28.12,5382000,2.0
2017-02-23,28.25,28.25,27.47,27.82,27.82,7834500,2.0
2017-02-24,27.42,27.97,27.4,27.97,27.97,6341400,2.0
2017-02-27,27.82,28.07,27.67,28.05,28.05,6554700,2.0
2017-02-28,28.06,28.08,27.58,27.83,27.83,5238000,2.0
2017-03-01,28.32,28.87,28.19,28.73,28.73,7906800,2.0
2017-03-02,28.72,28.72,28.19,28.28,28.28,5364900,2.0
2017-03-03,28.21,28.47,28.0,28.43,28.43,4330800,2.0
2017-03-06,28.12,28.39,27.9,28.23,28.23,4846800,2.0
2017-03-07,28.05,28.47,27.96,28.09,28.09,4428600,2.0
2017-03-08,28.16,28.51,28.06,28.23,28.23,4831500,1.0
2017-03-09,28.23,28.42,27.86,28.32,28.32,5521500,1.0
2017-03-10,28.68,28.79,28.3,28.63,28.63,6432000,1.0
2017-03-13,28.6,28.82,28.58,28.8,28.8,4235400,1.0
2017-03-14,28.6,28.64,28.24,28.58,28.58,6627600,1.0
2017-03-15,28.78,29.31,28.48,29.08,29.08,7976700,1.0
2017-03-16,29.28,29.28,28.86,29.07,29.07,4859400,1.0
2017-03-17,29.13,29.25,28.98,29.0,29.0,4415100,1.0
2017-03-20,29.0,29.29,28.87,29.08,29.08,4587000,1.0
2017-03-21,29.41,29.5,27.72,27.79,27.79,11696100,1.0
2017-03-22,27.8,28.41,27.67,28.33,28.33,8921700,1.0
2017-03-23,28.23,28.45,27.97,28.11,28.11,7383000,1.0
2017-03-24,28.37,28.7,27.96,28.26,28.26,6460800,1.0
2017-03-27,27.68,28.56,27.48,28.41,28.41,9407400,1.0
2017-03-28,28.41,29.19,28.23,28.94,28.94,10500000,1.0
2017-03-29,28.97,29.37,28.9,29.33,29.33,6021300,1.0
2017-03-30,29.32,29.57,29.22,29.47,29.47,6615900,1.0
2017-03-31,29.34,29.64,29.25,29.4,29.4,6768300,1.0
2017-04-03,29.49,29.69,28.87,29.34,29.34,8065200,1.0
2017-04-04,29.08,29.5,29.06,29.47,29.47,4053000,1.0
2017-04-05,29.62,30.13,28.96,29.14,29.14,9170100,1.0
2017-04-06,29.24,29.4,28.95,29.16,29.16,7706400,1.0
2017-04-07,29.14,29.39,28.81,29.13,29.13,5196900,1.0
2017-04-10,29.23,29.51,28.91,29.16,29.16,6047100,1.0
2017-04-11,29.05,29.19,28.14,28.79,28.79,10668300,1.0
2017-04-12,28.76,28.82,28.33,28.41,28.41,8511900,1.0
2017-04-13,28.3,28.79,28.06,28.08,28.08,7671300,1.0
2017-04-17,28.31,28.78,28.28,28.74,28.74,4541700,1.0
2017-04-18,28.48,28.89,28.42,28.66,28.66,6344400,1.0
2017-04-19,28.99,29.27,28.64,28.76,28.76,7196100,1.0
2017-04-20,29.11,29.67,28.98,29.46,29.46,10311600,1.0
2017-04-21,29.55,29.59,29.24,29.44,29.44,6753300,1.0
2017-04-24,30.42,30.6,30.29,30.51,30.51,7509000,1.0
2017-04-25,30.82,31.34,30.75,31.19,31.19,8014200,1.0
2017-04-26,31.22,31.44,30.99,31.05,31.05,10957500,1.0
2017-04-27,31.29,31.6,31.21,31.6,31.6,7209600,2.0
2017-04-28,31.98,32.02,31.62,31.78,31.78,8562600,2.0
2017-05-01,32.07,32.74,32.03,32.58,32.58,8079300,1.0
2017-05-02,32.74,32.82,32.49,32.77,32.77,7551600,2.0
2017-05-03,32.57,32.57,32.18,32.45,32.45,9198300,2.0
2017-05-04,32.46,32.61,32.15,32.48,32.48,9075900,2.0
2017-05-05,32.71,32.83,32.36,32.83,32.83,6813300,2.0
2017-05-08,32.88,33.04,32.68,33.03,33.03,7658400,2.0
2017-05-09,33.19,33.61,33.11,33.39,33.39,9464700,1.0
2017-05-10,33.43,33.48,33.09,33.45,33.45,7024200,1.0
2017-05-11,33.18,33.38,32.71,33.37,33.37,7804200,1.0
2017-05-12,33.41,33.6,33.32,33.58,33.58,7317300,1.0
2017-05-15,33.62,33.95,33.53,33.9,33.9,8667600,1.0
2017-05-16,34.14,34.33,33.86,34.32,34.32,9633300,1.0
2017-05-17,33.52,33.69,31.68,31.73,31.73,17529600,0.0
2017-05-18,31.68,32.84,31.54,32.53,32.53,15048000,0.0
2017-05-19,32.85,33.35,32.82,32.92,32.92,9105600,0.0
2017-05-22,33.15,33.82,33.12,33.78,33.78,8169300,1.0
2017-05-23,34.05,34.07,33.61,33.86,33.86,8607300,1.0
2017-05-24,34.14,34.37,33.88,34.33,34.33,8117700,1.0
2017-05-25,34.7,35.45,34.49,35.23,35.23,10938000,1.0
2017-05-26,35.2,35.42,35.07,35.38,35.38,6857100,1.0
2017-05-30,35.29,35.58,35.26,35.45,35.45,6899100,1.0
2017-05-31,35.78,35.85,34.87,35.41,35.41,12112800,1.0
2017-06-01,35.62,35.86,35.18,35.83,35.83,9261600,2.0
2017-06-02,36.19,37.08,36.03,37.06,37.06,10405500,2.0
2017-06-05,37.03,37.22,36.87,37.03,37.03,6434700,2.0
2017-06-06,36.89,37.25,36.42,36.61,36.61,9716700,2.0
2017-06-07,36.87,37.1,36.39,37.01,37.01,10176300,2.0
2017-06-08,37.24,37.29,36.52,37.11,37.11,11570400,2.0
2017-06-09,37.24,37.38,32.89,34.42,34.42,29142300,1.0
2017-06-12,33.47,33.95,32.48,33.8,33.8,20806200,1.0
2017-06-13,34.33,34.73,33.81,34.59,34.59,15811500,1.0
2017-06-14,35.0,35.0,33.31,34.13,34.13,17376600,1.0
2017-06-15,33.08,33.78,32.46,33.67,33.67,17644800,2.0
2017-06-16,33.6,33.62,32.86,33.26,33.26,11732100,1.0
2017-06-19,34.19,34.99,34.04,34.87,34.87,13868100,1.0
2017-06-20,34.79,34.91,34.04,34.08,34.08,10742400,1.0
2017-06-21,34.29,35.11,34.22,35.07,35.07,10448700,1.0
2017-06-22,35.23,35.42,34.77,35.03,35.03,8555700,1.0
2017-06-23,34.91,35.57,34.63,35.43,35.43,8598300,1.0
2017-06-26,36.01,36.22,34.71,34.96,34.96,13210200,1.0
2017-06-27,34.55,34.66,33.03,33.03,33.03,18011100,1.0
2017-06-28,33.38,34.53,32.81,34.42,34.42,15107700,1.0
2017-06-29,34.0,34.02,31.67,32.67,32.67,28945500,0.0
2017-06-30,32.95,33.2,32.36,32.55,32.55,12327000,1.0
2017-07-03,33.13,33.24,31.59,31.67,31.67,10210500,1.0
2017-07-05,31.91,32.83,31.62,32.57,32.57,14254200,1.0
2017-07-06,31.82,32.23,31.34,31.71,31.71,13290600,1.0
2017-07-07,32.02,32.97,32.0,32.66,32.66,11202900,1.0
2017-07-10,32.78,33.58,32.52,33.34,33.34,11514300,1.0
2017-07-11,33.2,33.74,32.82,33.62,33.62,13571400,1.0
2017-07-12,34.46,34.92,34.27,34.81,34.81,13163400,1.0
2017-07-13,34.95,35.29,34.74,35.04,35.04,11434500,1.0
2017-07-14,35.46,35.99,35.18,35.87,35.87,10579500,1.0
2017-07-17,35.98,36.29,35.71,35.89,35.89,12582900,1.0
2017-07-18,35.81,36.64,35.5,36.6,36.6,10522800,1.0
2017-07-19,36.92,37.42,36.89,37.27,37.27,13029300,2.0
2017-07-20,37.54,37.62,36.9,37.41,37.41,13557600,2.0
2017-07-21,36.95,37.36,36.78,37.35,37.35,10864500,2.0
2017-07-24,37.34,37.94,37.2,37.84,37.84,11091600,2.0
2017-07-25,37.49,37.84,37.26,37.59,37.59,11772600,2.0
2017-07-26,37.83,37.99,37.67,37.92,37.92,7575900,2.0
2017-07-27,38.69,38.78,35.89,37.25,37.25,23619600,2.0
2017-07-28,36.59,37.3,36.36,37.13,37.13,8752800,1.0
2017-07-31,37.43,37.57,36.4,36.64,36.64,11089500,1.0
2017-08-01,37.01,37.04,36.55,36.88,36.88,7644600,1.0
2017-08-02,37.58,37.62,36.15,37.15,37.15,13795800,1.0
2017-08-03,37.29,37.31,36.54,36.77,36.77,9080100,1.0
2017-08-04,36.98,37.19,36.49,36.91,36.91,8936100,1.0
2017-08-07,37.13,37.62,36.97,37.56,37.56,6854700,1.0
2017-08-08,37.4,38.33,37.1,37.42,37.42,12985800,1.0
2017-08-09,36.51,37.32,36.25,37.28,37.28,12385200,1.0
2017-08-10,36.65,36.72,34.77,34.86,34.86,20422800,0.0
2017-08-11,35.03,35.89,34.78,35.65,35.65,13158900,0.0
2017-08-14,36.48,37.2,36.47,37.04,37.04,11936100,0.0
2017-08-15,37.25,37.32,36.8,37.11,37.11,9037200,0.0
2017-08-16,37.37,37.82,36.93,37.3,37.3,12381600,1.0
2017-08-17,36.85,37.03,35.0,35.01,35.01,19822800,0.0
2017-08-18,35.06,35.64,34.5,34.88,34.88,16231500,0.0
2017-08-21,34.94,35.15,34.13,34.82,34.82,10810200,0.0
2017-08-22,35.33,36.48,35.32,36.37,36.37,11783100,0.0
2017-08-23,35.77,36.21,35.73,35.96,35.96,10509600,0.0
2017-08-24,36.23,36.37,35.03,35.66,35.66,12147600,0.0
2017-08-25,36.03,36.33,35.29,35.42,35.42,11577600,1.0
2017-08-28,35.73,35.99,35.4,35.73,35.73,8280300,1.0
2017-08-29,34.8,36.33,34.72,36.17,36.17,10640400,1.0
2017-08-30,36.24,37.6,36.17,37.43,37.43,13281000,1.0
2017-08-31,37.73,38.63,37.67,38.49,38.49,13272000,1.0
2017-09-01,38.78,38.93,38.17,38.46,38.46,8875200,1.0
2017-09-05,38.1,38.36,36.56,37.43,37.43,16154400,1.0
2017-09-06,37.74,38.01,36.95,37.76,37.76,10694700,1.0
2017-09-07,37.98,38.3,37.6,37.99,37.99,9246300,1.0
2017-09-08,37.85,37.91,36.92,37.05,37.05,10330800,1.0
2017-09-11,37.89,38.48,37.88,38.23,38.23,10659900,1.0
2017-09-12,38.6,38.72,38.02,38.56,38.56,9177300,2.0
2017-09-13,38.33,38.73,38.18,38.72,38.72,6450600,2.0
2017-09-14,38.29,38.6,37.97,38.06,38.06,9197100,2.0
2017-09-15,38.02,38.84,37.83,38.37,38.37,9908100,2.0
2017-09-18,38.54,38.91,37.92,38.28,38.28,11438700,1.0
2017-09-19,38.46,38.62,38.06,38.44,38.44,7117800,1.0
2017-09-20,38.42,38.53,37.22,38.12,38.12,13413300,1.0
2017-09-21,38.01,38.02,37.0,37.39,37.39,10611300,1.0
2017-09-22,37.02,37.44,36.92,37.29,37.29,7770900,2.0
2017-09-25,36.84,36.89,35.55,36.12,36.12,16940100,1.0
2017-09-26,36.65,36.85,35.99,36.37,36.37,11886300,1.0
2017-09-27,36.95,37.75,36.67,37.36,37.36,13918500,1.0
2017-09-28,37.09,37.4,36.81,37.29,37.29,8067000,1.0
2017-09-29,37.52,38.16,37.22,38.08,38.08,11031000,1.0
2017-10-02,38.28,38.66,37.68,38.19,38.19,11525700,1.0
2017-10-03,38.33,38.56,38.08,38.43,38.43,7842300,1.0
2017-10-04,38.21,38.77,38.1,38.53,38.53,11269200,1.0
2017-10-05,38.98,39.7,38.82,39.64,39.64,11786400,1.0
2017-10-06,39.27,39.8,39.25,39.78,39.78,10745100,2.0
2017-10-09,39.97,40.09,39.52,39.68,39.68,8606400,2.0
2017-10-10,40.06,40.19,39.24,39.77,39.77,8969700,2.0
2017-10-11,39.72,40.13,39.55,40.11,40.11,7473600,2.0
2017-10-12,39.94,40.36,39.75,39.9,39.9,8272500,2.0
2017-10-13,40.36,40.48,40.22,40.34,40.34,6109200,2.0
2017-10-16,40.65,40.78,40.38,40.76,40.76,7134900,2.0
2017-10-17,40.71,40.92,40.52,40.9,40.9,7523700,1.0
2017-10-18,41.02,41.02,40.58,40.75,40.75,7237500,1.0
2017-10-19,40.05,40.3,39.44,40.3,40.3,10085100,1.0
2017-10-20,40.78,40.88,40.47,40.59,40.59,8319300,1.0
2017-10-23,40.85,40.86,39.64,39.83,39.83,7682100,1.0
2017-10-24,40.02,40.26,39.57,40.04,40.04,7359000,1.0
2017-10-25,39.77,40.16,38.66,39.55,39.55,11148900,1.0
2017-10-26,39.49,39.76,39.13,39.18,39.18,9096000,1.0
2017-10-27,41.05,42.8,40.94,42.56,42.56,18477300,1.0
2017-10-30,42.45,43.36,42.36,42.86,42.86,12069600,1.0
2017-10-31,43.25,43.52,42.9,43.32,43.32,7524600,1.0
2017-11-01,43.86,43.92,42.78,43.26,43.26,10383000,1.0
2017-11-02,43.13,43.19,42.15,43.04,43.04,11472600,1.0
2017-11-03,43.5,44.29,43.06,44.24,44.24,10837500,1.0
2017-11-06,44.16,44.76,44.11,44.69,44.69,9512100,1.0
2017-11-07,44.59,44.96,44.32,44.76,44.76,11665200,1.0
2017-11-08,44.72,45.35,44.55,45.32,45.32,8607900,1.0
2017-11-09,44.22,44.67,43.22,44.6,44.6,20399400,1.0
2017-11-10,44.3,44.69,44.05,44.58,44.58,8304600,1.0
2017-11-13,44.11,44.91,44.08,44.72,44.72,9393000,1.0
2017-11-14,44.27,44.41,43.61,44.27,44.27,11375100,1.0
2017-11-15,43.7,43.98,42.92,43.62,43.62,10083600,1.0
2017-11-16,44.3,45.57,44.28,45.25,45.25,10106700,1.0
2017-11-17,45.3,45.39,44.62,44.74,44.74,8669100,1.0
2017-11-20,44.81,44.97,44.45,44.63,44.63,6257400,1.0
2017-11-21,45.26,46.13,45.21,46.04,46.04,8842800,1.0
2017-11-22,46.2,46.37,45.94,46.22,46.22,7514700,1.0
2017-11-24,46.4,46.78,46.31,46.74,46.74,4994100,1.0
2017-11-27,46.68,47.01,46.36,46.67,46.67,8354700,1.0
2017-11-28,46.98,47.12,46.24,47.01,47.01,8788200,1.0
2017-11-29,46.89,46.89,43.92,44.59,44.59,26036100,1.0
2017-11-30,45.15,45.95,44.82,45.7,45.7,14847600,2.0
2017-12-01,44.82,45.74,43.1,45.09,45.09,21286800,2.0
2017-12-04,45.97,46.08,43.4,43.53,43.53,20680500,2.0
2017-12-05,43.46,45.1,42.98,43.6,43.6,14435100,2.0
2017-12-06,43.11,44.38,42.95,44.17,44.17,11844900,2.0
2017-12-07,44.2,45.0,44.03,44.61,44.61,9519600,2.0
2017-12-08,45.6,45.93,45.0,45.2,45.2,11050200,2.0
2017-12-11,45.27,46.29,45.25,46.24,46.24,8946000,2.0
2017-12-12,46.17,46.47,45.77,46.06,46.06,9172200,2.0
2017-12-13,46.59,46.76,46.13,46.29,46.29,10417800,2.0
2017-12-14,46.56,46.9,46.05,46.23,46.23,8905800,1.0
2017-12-15,46.77,47.94,46.51,47.73,47.73,13958700,1.0
2017-12-18,48.67,49.1,48.47,48.96,48.96,10135200,1.0
2017-12-19,48.69,48.85,47.71,48.16,48.16,12358500,1.0
2017-12-20,48.62,48.64,47.36,47.96,47.96,8893800,1.0
2017-12-21,48.13,48.57,47.77,47.94,47.94,8314800,1.0
2017-12-22,47.73,47.83,47.37,47.78,47.78,5311500,1.0
2017-12-26,47.01,47.17,46.46,47.0,47.0,6108300,1.0
2017-12-27,47.01,47.38,46.87,47.0,47.0,5649600,1.0
2017-12-28,47.42,47.46,46.99,47.13,47.13,5841300,1.0
2017-12-29,47.31,47.31,46.21,46.24,46.24,8569800,1.0
2018-01-02,46.97,48.71,46.63,48.61,48.61,11466900,1.0
2018-01-03,48.81,50.22,48.8,50.04,50.04,10653000,1.0
2018-01-04,50.62,50.8,50.15,50.33,50.33,8753100,1.0
2018-01-05,51.03,51.96,50.77,51.85,51.85,10297500,2.0
2018-01-08,51.84,52.53,51.79,52.43,52.43,9031500,2.0
2018-01-09,52.75,52.92,52.0,52.47,52.47,13021200,2.0
2018-01-10,51.74,52.11,51.07,52.09,52.09,11981700,2.0
2018-01-11,52.36,53.14,52.11,53.14,53.14,9354900,2.0
2018-01-12,52.96,54.47,52.81,54.26,54.26,11195100,2.0
2018-01-16,55.36,56.22,53.36,53.84,53.84,20627700,2.0
2018-01-17,54.56,55.82,53.82,55.54,55.54,10328100,2.0
2018-01-18,55.3,55.96,54.9,55.59,55.59,11799300,2.0
2018-01-19,56.07,56.37,55.28,56.13,56.13,10618500,2.0
2018-01-22,55.99,57.88,55.85,57.88,57.88,12982800,2.0
2018-01-23,58.44,59.49,58.35,59.35,59.35,16167900,2.0
2018-01-24,59.67,60.09,57.15,58.14,58.14,26134200,2.0
2018-01-25,59.36,59.4,57.52,58.07,58.07,16662600,2.0
2018-01-26,59.0,60.66,58.69,60.66,60.66,13304700,2.0
2018-01-29,60.3,60.71,59.47,59.86,59.86,16543500,2.0
2018-01-30,58.19,59.12,57.43,58.33,58.33,16563300,2.0
2018-01-31,59.35,59.69,58.0,59.05,59.05,13874700,2.0
2018-02-01,57.74,59.4,56.96,57.57,57.57,15996000,2.0
2018-02-02,56.93,57.28,53.97,54.06,54.06,23773200,0.0
2018-02-05,52.58,55.21,47.54,47.82,47.82,28828500,0.0
2018-02-06,45.61,51.67,45.01,51.5,51.5,29922900,0.0
2018-02-07,51.02,52.66,49.47,49.47,49.47,22014000,0.0
2018-02-08,49.98,50.05,43.33,43.34,43.34,27050700,0.0
2018-02-09,45.07,46.38,40.4,45.38,45.38,40043100,0.0
2018-02-12,46.93,48.8,45.74,47.92,47.92,21882000,0.0
2018-02-13,47.08,48.87,46.79,48.5,48.5,13506900,0.0
2018-02-14,47.77,51.54,47.72,51.34,51.34,21014400,0.0
2018-02-15,52.67,54.09,51.06,54.02,54.02,23796900,0.0
2018-02-16,53.63,55.16,53.12,53.42,53.42,21319200,0.0
2018-02-20,52.81,55.08,52.76,53.69,53.69,18233700,2.0
2018-02-21,54.46,56.07,53.17,53.2,53.2,22184700,2.0
2018-02-22,53.98,54.78,52.81,53.21,53.21,20825400,2.0
2018-02-23,54.42,56.42,53.85,56.38,56.38,17846100,2.0
2018-02-26,57.27,58.67,57.15,58.65,58.65,16743900,2.0
2018-02-27,58.75,59.06,56.47,56.55,56.55,21663600,2.0
2018-02-28,57.49,58.05,55.35,55.41,55.41,19126800,2.0
2018-03-01,55.53,56.27,51.23,52.74,52.74,31489500,2.0
2018-03-02,50.89,54.45,50.26,54.19,54.19,24174900,1.0
2018-03-05,53.43,56.37,52.79,55.89,55.89,18610200,0.0
2018-03-06,56.73,57.23,55.6,56.6,56.6,17757600,1.0
2018-03-07,55.36,57.17,55.07,57.02,57.02,16720500,1.0
2018-03-08,57.66,58.07,57.04,57.87,57.87,14396100,1.0
2018-03-09,59.19,61.24,58.93,61.24,61.24,18418500,1.0
2018-03-12,61.83,62.72,61.45,62.16,62.16,16584900,1.0
2018-03-13,61.83,62.72,59.29,59.9,59.9,22786500,1.0
2018-03-14,60.66,60.84,58.93,59.7,59.7,16702800,2.0
2018-03-15,59.88,60.6,58.88,59.43,59.43,13862100,2.0
2018-03-16,59.77,60.23,58.93,59.04,59.04,9783600,2.0
2018-03-19,57.5,57.5,53.69,55.33,55.33,24279000,1.0
2018-03-20,55.35,56.13,54.72,55.74,55.74,11524200,1.0
2018-03-21,55.33,56.87,54.25,54.93,54.93,16562100,1.0
2018-03-22,52.8,53.87,50.73,50.92,50.92,25734900,0.0
2018-03-23,50.73,51.17,46.81,46.81,46.81,27199800,0.0
2018-03-26,49.67,52.28,47.46,52.07,52.07,22938000,0.0
2018-03-27,53.3,53.3,45.72,47.08,47.08,34201800,0.0
2018-03-28,46.26,47.61,44.33,45.46,45.46,30286200,0.0
2018-03-29,46.15,49.23,44.84,47.97,47.97,24634200,0.0
2018-04-02,46.84,47.5,42.26,43.71,43.71,30619200,0.0
2018-04-03,44.92,45.73,42.8,45.18,45.18,27725700,0.0
2018-04-04,42.54,47.73,42.4,47.32,47.32,27091200,0.0
2018-04-05,48.73,48.92,47.05,48.06,48.06,22919400,0.0
2018-04-06,46.56,47.94,43.81,44.47,44.47,29036400,0.0
2018-04-09,45.65,48.09,45.18,45.36,45.36,21986400,1.0
2018-04-10,47.48,48.85,46.55,48.36,48.36,24359400,0.0
2018-04-11,47.53,49.12,47.4,47.55,47.55,17930100,1.0
2018-04-12,48.5,49.75,48.33,49.21,49.21,17845800,1.0
2018-04-13,50.0,50.21,47.89,48.48,48.48,17810700,1.0
2018-04-16,49.47,50.13,48.59,49.55,49.55,14787300,2.0
2018-04-17,51.04,53.11,50.78,52.72,52.72,15518400,2.0
2018-04-18,52.8,53.65,52.03,53.09,53.09,14761200,2.0
2018-04-19,52.32,52.66,51.08,51.65,51.65,16127400,2.0
2018-04-20,51.25,51.33,48.63,49.17,49.17,17601600,1.0
2018-04-23,49.85,50.44,48.0,48.78,48.78,15416700,1.0
2018-04-24,49.43,49.7,44.72,45.67,45.67,26627400,1.0
2018-04-25,45.89,46.4,43.96,45.85,45.85,26352000,1.0
2018-04-26,47.6,49.17,47.14,48.7,48.7,17749200,1.0
2018-04-27,50.83,50.88,47.97,48.81,48.81,20607300,1.0
2018-04-30,49.14,50.03,47.38,47.77,47.77,20140500,1.0
2018-05-01,47.35,49.39,47.04,49.32,49.32,14622300,0.0
2018-05-02,49.65,50.08,48.33,48.46,48.46,17956500,0.0
2018-05-03,47.82,49.0,46.15,48.47,48.47,24509100,0.0
2018-05-04,47.85,51.55,47.73,51.19,51.19,23241600,2.0
2018-05-07,51.95,52.98,51.79,52.41,52.41,17382900,2.0
2018-05-08,52.13,52.65,51.17,52.24,52.24,15839400,1.0
2018-05-09,52.6,54.12,52.03,53.99,53.99,14374500,1.0
2018-05-10,54.5,55.78,54.38,55.67,55.67,14875800,1.0
2018-05-11,55.38,55.87,54.77,55.5,55.5,14962200,1.0
2018-05-14,55.85,56.83,55.5,55.75,55.75,13647900,1.0
2018-05-15,54.42,54.51,53.05,53.94,53.94,21815100,1.0
2018-05-16,54.07,55.33,54.05,54.94,54.94,11214000,1.0
2018-05-17,54.38,55.56,53.51,54.32,54.32,12902400,1.0
2018-05-18,53.7,54.23,53.23,53.45,53.45,10683300,1.0
2018-05-21,54.67,55.41,53.67,54.38,54.38,14611500,1.0
2018-05-22,55.08,55.37,53.86,54.1,54.1,12117900,1.0
2018-05-23,52.9,55.49,52.85,55.46,55.46,15380700,1.0
2018-05-24,55.44,55.71,53.74,55.41,55.41,8888800,1.0
2018-05-25,55.43,56.16,55.07,55.55,55.55,7885200,1.0
2018-05-29,54.79,55.78,53.83,54.84,54.84,11806400,0.0
2018-05-30,55.4,56.28,55.05,56.01,56.01,8850800,2.0
2018-05-31,55.93,56.98,55.44,55.89,55.89,10132100,2.0
2018-06-01,56.65,58.58,56.65,58.49,58.49,9646400,2.0
2018-06-04,58.9,60.1,58.82,59.99,59.99,8006200,1.0
2018-06-05,60.47,60.91,59.81,60.61,60.61,6987500,1.0
2018-06-06,60.8,61.66,59.88,61.61,61.61,7203500,1.0
2018-06-07,61.69,61.72,59.23,60.18,60.18,9806500,1.0
2018-06-08,59.23,60.4,58.83,60.14,60.14,6165100,1.0
2018-06-11,59.99,61.06,59.96,60.61,60.61,5104500,1.0
2018-06-12,60.86,61.73,60.67,61.57,61.57,5981000,1.0
2018-06-13,61.8,62.93,61.14,61.5,61.5,9030900,1.0
2018-06-14,62.38,63.66,62.21,63.37,63.37,11306600,1.0
2018-06-15,62.64,63.09,61.8,62.74,62.74,9711200,1.0
2018-06-18,61.5,62.75,60.92,62.6,62.6,8590800,1.0
2018-06-19,60.19,62.06,59.62,62.04,62.04,13454200,1.0
2018-06-20,62.86,64.13,62.73,63.34,63.34,9955600,1.0
2018-06-21,63.78,63.99,61.33,61.7,61.7,12785100,1.0
2018-06-22,62.32,62.38,60.61,61.08,61.08,7778400,0.0
2018-06-25,59.62,59.87,55.49,57.18,57.18,21413300,0.0
2018-06-26,57.73,58.78,57.1,57.81,57.81,11770700,0.0
2018-06-27,58.54,59.32,55.32,55.49,55.49,16479800,0.0
2018-06-28,55.22,57.41,54.87,56.85,56.85,13912500,0.0
2018-06-29,57.67,58.56,57.06,57.11,57.11,9817000,0.0
2018-07-02,55.66,58.46,55.28,58.39,58.39,10412100,0.0
2018-07-03,59.02,59.08,56.23,56.38,56.38,7053200,0.0
2018-07-05,57.49,58.59,56.59,58.45,58.45,8202800,2.0
2018-07-06,58.81,61.29,58.52,61.08,61.08,9376500,2.0
2018-07-09,62.08,62.85,61.39,62.78,62.78,9047200,1.0
2018-07-10,63.05,63.35,62.28,62.93,62.93,8348000,1.0
2018-07-11,61.5,62.66,61.29,62.01,62.01,9978700,1.0
2018-07-12,62.77,65.12,62.64,65.07,65.07,10169000,1.0
2018-07-13,65.08,65.63,64.59,65.26,65.26,8484500,1.0
2018-07-16,65.31,65.66,64.48,64.82,64.82,6945000,1.0
2018-07-17,62.8,66.4,62.78,66.02,66.02,9449200,1.0
2018-07-18,66.0,66.19,65.0,65.6,65.6,5817200,1.0
2018-07-19,64.96,65.56,64.38,64.63,64.63,9609300,1.0
2018-07-20,65.16,65.83,64.33,64.54,64.54,7174500,1.0
2018-07-23,63.97,65.23,63.2,65.1,65.1,7878400,1.0
2018-07-24,67.15,67.85,65.15,65.93,65.93,11883300,1.0
2018-07-25,66.02,68.81,65.97,68.68,68.68,9655200,1.0
2018-07-26,65.92,66.54,65.31,65.68,65.68,13986000,1.0
2018-07-27,66.84,66.9,61.78,62.94,62.94,14762300,1.0
2018-07-30,62.95,63.01,59.32,60.23,60.23,12600700,1.0
2018-07-31,60.87,62.29,59.91,61.43,61.43,11964000,1.0
2018-08-01,62.0,62.83,61.24,62.27,62.27,8662700,1.0
2018-08-02,60.9,65.0,60.84,64.75,64.75,11530300,1.0
2018-08-03,65.09,65.39,64.3,65.33,65.33,9016700,1.0
2018-08-06,65.25,66.57,64.99,66.53,66.53,8508500,1.0
2018-08-07,67.05,67.6,66.65,67.18,67.18,8996300,1.0
2018-08-08,66.96,67.85,66.4,67.36,67.36,7929300,1.0
2018-08-09,67.3,68.1,67.02,67.3,67.3,6816300,1.0
2018-08-10,65.96,66.55,65.02,65.73,65.73,10703300,1.0
2018-08-13,66.09,67.37,65.45,65.54,65.54,11584300,1.0
2018-08-14,66.26,66.99,65.23,66.75,66.75,7590900,1.0
2018-08-15,65.24,65.8,63.08,64.32,64.32,14482200,1.0
2018-08-16,65.74,66.15,64.53,64.91,64.91,8142800,1.0
2018-08-17,64.39,65.42,63.21,64.9,64.9,8782800,1.0
2018-08-20,65.37,65.43,64.0,64.77,64.77,8432700,1.0
2018-08-21,65.34,66.62,65.21,65.44,65.44,8383700,1.0
2018-08-22,65.0,66.42,64.79,66.2,66.2,7914200,1.0
2018-08-23,65.87,67.26,65.57,65.87,65.87,8891700,1.0
2018-08-24,66.57,67.87,66.5,67.7,67.7,7994600,1.0
2018-08-27,68.79,69.75,68.42,69.74,69.74,9106400,1.0
2018-08-28,70.32,70.57,69.64,70.05,70.05,8153100,2.0
2018-08-29,70.41,72.6,70.35,72.5,72.5,8216900,2.0
2018-08-30,72.06,73.36,71.35,72.09,72.09,10982900,2.0
2018-08-31,71.82,72.95,71.57,72.3,72.3,7897500,2.0
2018-09-04,71.67,72.03,70.23,71.44,71.44,10026200,2.0
2018-09-05,71.0,71.03,67.92,68.6,68.6,13466200,2.0
2018-09-06,68.72,68.93,65.38,66.73,66.73,14438100,2.0
2018-09-07,65.36,67.69,65.22,66.07,66.07,9626200,2.0
2018-09-10,67.09,67.22,65.53,66.65,66.65,6931100,1.0
2018-09-11,65.77,68.48,65.3,68.13,68.13,8815300,1.0
2018-09-12,67.85,67.99,65.79,67.54,67.54,11032700,1.0
2018-09-13,68.7,70.02,68.67,69.54,69.54,9334500,1.0
2018-09-14,69.79,70.14,68.21,69.01,69.01,9586000,1.0
2018-09-17,68.62,68.83,65.86,66.1,66.1,9102900,1.0
2018-09-18,66.24,68.65,66.14,67.67,67.67,9094800,1.0
2018-09-19,67.7,68.18,66.19,67.52,67.52,7370300,1.0
2018-09-20,68.82,69.98,68.36,69.64,69.64,7835400,1.0
2018-09-21,70.26,70.58,68.31,68.53,68.53,7535200,2.0
2018-09-24,67.11,69.19,66.24,69.12,69.12,6609400,2.0
2018-09-25,68.99,69.53,68.31,69.4,69.4,5407400,2.0
2018-09-26,69.46,71.47,69.11,69.33,69.33,8865000,2.0
2018-09-27,70.36,71.98,70.23,71.25,71.25,7315700,2.0
2018-09-28,70.64,71.75,70.28,71.14,71.14,7732200,2.0
2018-10-01,72.5,73.17,71.08,71.55,71.55,8529000,2.0
2018-10-02,71.36,72.76,70.64,71.14,71.14,8098400,2.0
2018-10-03,72.01,72.5,71.03,71.35,71.35,8321200,2.0
2018-10-04,70.5,70.58,65.7,67.28,67.28,18861200,0.0
2018-10-05,67.2,67.83,62.82,64.75,64.75,16615500,0.0
2018-10-08,63.84,65.25,61.24,63.59,63.59,14919200,0.0
2018-10-09,63.67,65.6,63.19,64.08,64.08,13036200,0.0
2018-10-10,62.99,63.06,55.44,55.77,55.77,30357000,0.0
2018-10-11,55.01,57.25,51.83,53.51,53.51,27804000,0.0
2018-10-12,57.78,58.52,54.8,58.03,58.03,21061000,0.0
2018-10-15,57.46,57.71,55.25,55.84,55.84,19966900,0.0
2018-10-16,57.64,61.17,57.35,60.65,60.65,15558300,0.0
2018-10-17,61.68,61.78,58.95,60.85,60.85,16265100,0.0
2018-10-18,60.06,60.13,55.81,56.63,56.63,19543600,0.0
2018-10-19,57.79,59.39,55.79,56.4,56.4,16854600,0.0
2018-10-22,57.41,58.58,55.97,57.25,57.25,14365800,0.0
2018-10-23,54.19,57.48,52.23,56.62,56.62,22097700,0.0
2018-10-24,56.41,56.7,48.68,48.92,48.92,25605300,0.0
2018-10-25,51.09,54.77,50.43,53.94,53.94,19009200,0.0
2018-10-26,48.4,52.83,47.48,49.75,49.75,30595200,0.0
2018-10-29,51.98,52.6,43.84,47.09,47.09,27245200,0.0
2018-10-30,46.24,49.05,45.57,48.91,48.91,23108200,0.0
2018-10-31,51.25,53.66,51.25,52.21,52.21,22519700,0.0
2018-11-01,52.67,54.62,51.44,54.49,54.49,15758300,2.0
2018-11-02,53.95,54.93,50.8,52.05,52.05,21794700,0.0
2018-11-05,52.08,52.14,49.76,51.54,51.54,12825100,0.0
2018-11-06,51.41,53.53,51.27,52.63,52.63,13932700,1.0
2018-11-07,54.51,57.56,54.17,57.47,57.47,17319000,1.0
2018-11-08,56.79,57.32,55.66,56.49,56.49,14690600,1.0
2018-11-09,54.92,55.28,52.29,53.62,53.62,17092400,1.0
2018-11-12,52.5,52.79,48.59,48.91,48.91,19295900,1.0
2018-11-13,49.47,51.5,48.44,48.89,48.89,19306800,1.0
2018-11-14,50.28,50.82,46.88,47.65,47.65,19515500,1.0
2018-11-15,47.39,50.61,46.21,50.2,50.2,21227100,1.0
2018-11-16,48.76,50.4,48.12,49.65,49.65,16790600,1.0
2018-11-19,48.92,49.15,44.4,44.89,44.89,23311500,0.0
2018-11-20,41.72,44.24,40.7,42.4,42.4,25373900,0.0
2018-11-21,44.03,44.62,43.12,43.35,43.35,14389400,0.0
2018-11-23,42.28,43.72,42.25,42.39,42.39,7110000,0.0
2018-11-26,44.18,45.38,43.62,45.3,45.3,14995600,0.0
2018-11-27,44.62,46.12,43.89,45.77,45.77,15020400,0.0
2018-11-28,46.8,50.16,46.0,50.11,50.11,24383100,1.0
2018-11-29,49.52,50.67,48.48,49.65,49.65,16130600,1.0
2018-11-30,49.84,50.84,49.13,50.69,50.69,14579400,1.0
2018-12-03,54.08,54.3,52.25,53.29,53.29,18667900,1.0
2018-12-04,52.55,52.99,47.07,47.43,47.43,26262000,1.0
2018-12-06,44.41,48.22,43.83,48.12,48.12,24519500,1.0
2018-12-07,47.6,48.42,43.0,43.41,43.41,27873400,1.0
2018-12-10,43.16,45.36,41.82,44.77,44.77,22058600,1.0
2018-12-11,46.93,47.0,44.09,45.25,45.25,21520400,1.0
2018-12-12,47.22,48.53,46.37,46.39,46.39,21181400,2.0
2018-12-13,47.3,47.89,45.52,46.4,46.4,20590600,0.0
2018-12-14,44.89,45.33,42.71,42.9,42.9,19522200,0.0
2018-12-17,42.47,43.49,39.09,40.13,40.13,25074100,0.0
2018-12-18,41.08,42.01,39.77,40.8,40.8,19736700,0.0
2018-12-19,40.71,42.59,36.88,37.85,37.85,38482800,0.0
2018-12-20,37.47,38.78,34.73,36.33,36.33,40102300,0.0
2018-12-21,36.65,37.41,32.21,32.82,32.82,46129300,0.0
2018-12-24,32.0,33.29,30.32,30.39,30.39,21950100,0.0
2018-12-26,31.3,35.94,30.64,35.86,35.86,47279400,0.0
2018-12-27,34.6,36.4,32.12,36.37,36.37,42729300,0.0
2018-12-28,37.0,38.11,35.37,36.22,36.22,38105300,0.0
2018-12-31,37.36,37.68,36.05,37.04,37.04,27120800,0.0
2019-01-02,34.78,38.23,34.73,37.57,37.57,33958200,0.0
2019-01-03,35.98,36.41,33.63,33.93,33.93,41313800,0.0
2019-01-04,35.55,38.76,35.17,38.27,38.27,34120500,2.0
2019-01-07,38.47,40.15,38.13,39.49,39.49,26638300,1.0
2019-01-08,40.69,41.11,38.9,40.63,40.63,26452800,1.0
2019-01-09,41.12,42.17,40.6,41.59,41.59,22262300,1.0
2019-01-10,40.64,42.03,39.96,41.99,41.99,21891400,1.0
2019-01-11,41.24,41.63,40.81,41.49,41.49,15100600,1.0
2019-01-14,40.43,40.94,39.86,40.41,40.41,13922900,1.0
2019-01-15,40.94,42.92,40.86,42.65,42.65,18140700,1.0
2019-01-16,42.97,43.86,42.68,42.71,42.71,16986600,1.0
2019-01-17,42.3,44.27,42.06,43.71,43.71,17755000,1.0
2019-01-18,44.72,45.61,43.85,44.91,44.91,20863600,1.0
2019-01-22,44.01,44.08,41.32,42.43,42.43,22716800,1.0
2019-01-23,42.95,43.5,41.02,42.47,42.47,20761700,1.0
2019-01-24,42.82,43.42,42.34,43.22,43.22,16014400,1.0
2019-01-25,44.26,45.17,43.82,44.76,44.76,17439200,1.0
2019-01-28,43.01,43.11,42.01,43.11,43.11,17544900,1.0
2019-01-29,43.19,43.21,41.43,41.89,41.89,15316300,1.0
2019-01-30,43.3,45.52,42.89,45.03,45.03,21978000,1.0
2019-01-31,45.82,47.72,45.68,47.01,47.01,20071900,1.0
2019-02-01,46.34,47.42,46.06,46.41,46.41,17695200,1.0
2019-02-04,46.47,48.16,46.34,48.11,48.11,13872100,1.0
2019-02-05,48.37,49.6,48.3,49.38,49.38,16114600,1.0
2019-02-06,49.48,49.73,48.32,48.99,48.99,18177500,1.0
2019-02-07,47.67,48.03,45.89,46.99,46.99,26224200,1.0
2019-02-08,45.71,47.25,45.6,47.23,47.23,18090300,1.0
2019-02-11,47.77,48.11,46.76,47.12,47.12,15149600,1.0
2019-02-12,48.13,49.39,47.89,49.16,49.16,16028300,1.0
2019-02-13,49.86,50.28,49.12,49.26,49.26,15951200,1.0
2019-02-14,48.7,49.95,48.22,49.44,49.44,19171200,1.0
2019-02-15,50.51,50.52,49.36,50.03,50.03,17812000,1.0
2019-02-19,49.56,50.79,49.56,50.33,50.33,12946600,1.0
2019-02-20,50.45,51.03,49.49,50.29,50.29,21383200,1.0
2019-02-21,49.87,50.29,48.93,49.72,49.72,16061700,1.0
2019-02-22,50.06,50.92,49.97,50.8,50.8,14954700,1.0
2019-02-25,52.01,52.38,51.26,51.36,51.36,15512800,1.0
2019-02-26,50.96,52.0,50.72,51.52,51.52,13169600,1.0
2019-02-27,50.83,51.58,49.79,51.36,51.36,14480500,1.0
2019-02-28,50.91,51.58,50.6,51.04,51.04,11507900,1.0
2019-03-01,52.12,52.29,51.02,52.06,52.06,17519600,1.0
2019-03-04,52.97,53.33,50.35,52.07,52.07,26636000,1.0
2019-03-05,52.18,52.68,51.42,52.2,52.2,12543600,1.0
2019-03-06,52.33,52.38,51.06,51.3,51.3,15433600,1.0
2019-03-07,50.88,50.94,48.83,49.43,49.43,21163300,1.0
2019-03-08,47.74,49.22,47.56,49.15,49.15,21867100,0.0
2019-03-11,49.73,52.31,49.73,52.22,52.22,16058500,2.0
2019-03-12,52.63,53.47,52.25,53.07,53.07,18950800,2.0
2019-03-13,53.87,55.09,53.66,54.22,54.22,18141200,1.0
2019-03-14,54.32,54.52,53.9,53.98,53.98,11930400,1.0
2019-03-15,54.61,55.94,54.46,55.32,55.32,17355700,1.0
2019-03-18,55.37,56.34,55.04,55.82,55.82,18624300,1.0
2019-03-19,56.54,57.28,55.69,56.38,56.38,20547600,1.0
2019-03-20,56.35,58.05,55.59,57.01,57.01,22940300,1.0
2019-03-21,56.48,59.9,56.45,59.65,59.65,18994700,1.0
2019-03-22,58.87,59.35,55.54,55.75,55.75,33450200,1.0
2019-03-25,55.06,55.97,54.18,55.4,55.4,26296200,1.0
2019-03-26,56.69,57.68,55.31,56.16,56.16,21984000,1.0
2019-03-27,56.39,56.78,53.85,55.06,55.06,22101300,1.0
2019-03-28,55.47,56.03,54.43,55.41,55.41,16054700,1.0
2019-03-29,56.63,56.82,55.68,56.66,56.66,15872500,1.0
2019-04-01,58.3,59.1,57.7,58.89,58.89,15295600,1.0
2019-04-02,59.09,59.72,58.63,59.54,59.54,13341100,1.0
2019-04-03,60.54,61.69,60.01,60.57,60.57,18952100,1.0
2019-04-04,60.58,61.28,59.43,60.48,60.48,17952600,1.0
2019-04-05,61.06,61.5,60.78,61.39,61.39,13081800,1.0
2019-04-08,61.08,61.99,60.36,61.87,61.87,12932500,1.0
2019-04-09,61.24,61.83,60.8,61.19,61.19,13015200,1.0
2019-04-10,61.46,62.22,61.23,62.18,62.18,12405500,1.0
2019-04-11,62.41,62.43,61.36,61.71,61.71,13971300,1.0
2019-04-12,62.5,62.6,61.73,62.47,62.47,11903500,1.0
2019-04-15,62.47,62.72,61.26,62.52,62.52,10421200,1.0
2019-04-16,63.15,63.55,62.59,63.13,63.13,11785900,1.0
2019-04-17,64.36,64.56,63.21,63.76,63.76,14302800,1.0
2019-04-18,64.08,64.11,62.87,63.96,63.96,11487900,1.0
2019-04-22,63.15,64.59,63.0,64.5,64.5,9469600,1.0
2019-04-23,65.01,67.2,64.73,66.95,66.95,13119300,1.0
2019-04-24,67.1,67.38,66.27,66.3,66.3,11884400,1.0
2019-04-25,67.77,67.85,66.03,67.04,67.04,14961300,1.0
2019-04-26,66.81,67.3,65.1,67.28,67.28,13814600,1.0
2019-04-29,67.26,67.97,66.94,67.64,67.64,10474700,1.0
2019-04-30,66.0,66.41,64.67,66.09,66.09,15949400,1.0
2019-05-01,67.32,67.91,65.26,65.33,65.33,15739500,1.0
2019-05-02,65.35,66.33,63.25,64.53,64.53,17661100,1.0
2019-05-03,66.14,67.75,65.79,67.57,67.57,13611200,0.0
2019-05-06,63.31,66.62,62.96,66.36,66.36,20214400,0.0
2019-05-07,64.21,65.02,60.64,62.5,62.5,29691200,0.0
2019-05-08,61.87,63.39,61.19,61.95,61.95,20154700,0.0
2019-05-09,59.96,61.59,58.27,60.97,60.97,27552200,0.0
2019-05-10,60.24,62.03,57.24,61.14,61.14,28482300,2.0
2019-05-13,56.48,57.43,54.27,54.82,54.82,29365100,2.0
2019-05-14,55.62,57.58,55.03,56.54,56.54,17524000,2.0
2019-05-15,55.46,59.39,55.39,58.89,58.89,22020000,2.0
2019-05-16,59.0,61.82,58.81,60.73,60.73,21753300,2.0
2019-05-17,58.89,61.34,58.67,58.84,58.84,22813800,0.0
2019-05-20,56.38,57.03,55.25,55.89,55.89,23046100,2.0
2019-05-21,57.27,58.04,56.73,57.57,57.57,14310900,2.0
2019-05-22,56.58,57.78,56.56,56.82,56.82,16114100,0.0
2019-05-23,54.86,54.88,53.11,54.14,54.14,25960100,0.0
2019-05-24,55.07,55.6,53.88,54.06,54.06,17153200,0.0
2019-05-28,54.54,55.41,53.43,53.48,53.48,14612900,0.0
2019-05-29,52.49,53.0,51.26,52.14,52.14,22240200,0.0
2019-05-30,52.53,53.18,51.84,52.76,52.76,17053500,0.0
2019-05-31,50.87,51.41,50.14,50.22,50.22,17575100,0.0
2019-06-03,49.82,50.2,46.13,47.01,47.01,30226600,0.0
2019-06-04,48.4,50.88,47.91,50.82,50.82,20483700,0.0
2019-06-05,52.29,52.32,50.37,51.94,51.94,19039600,0.0
2019-06-06,52.2,53.55,51.51,53.14,53.14,12537800,0.0
2019-06-07,54.0,56.92,53.82,56.17,56.17,18943500,1.0
2019-06-10,57.36,59.82,57.36,58.22,58.22,22909000,2.0
2019-06-11,60.06,60.37,57.85,58.44,58.44,17180900,2.0
2019-06-12,57.93,58.3,57.1,57.45,57.45,13713300,2.0
2019-06-13,58.13,58.83,57.78,58.39,58.39,12319900,2.0
2019-06-14,57.47,58.1,56.99,57.63,57.63,9643100,2.0
2019-06-17,57.99,59.17,57.84,58.68,58.68,9381300,2.0
2019-06-18,60.75,62.49,60.31,61.22,61.22,17728700,1.0
2019-06-19,61.53,62.36,60.4,61.94,61.94,17122400,1.0
2019-06-20,64.49,64.53,62.23,63.64,63.64,14919400,2.0
2019-06-21,63.31,64.54,62.95,63.35,63.35,13080800,2.0
2019-06-24,63.69,63.89,63.21,63.33,63.33,8617300,2.0
2019-06-25,63.18,63.28,59.78,60.09,60.09,17452900,2.0
2019-06-26,61.22,62.38,60.6,60.85,60.85,11764400,2.0
2019-06-27,61.51,61.99,61.05,61.51,61.51,9408800,1.0
2019-06-28,61.98,62.19,61.11,61.77,61.77,12366600,1.0
2019-07-01,65.3,65.55,63.39,64.23,64.23,18148800,1.0
2019-07-02,64.16,65.01,63.64,65.01,65.01,10156100,1.0
2019-07-03,65.42,66.45,65.26,66.45,66.45,8390900,2.0
2019-07-05,65.09,66.39,64.31,66.02,66.02,14605600,1.0
2019-07-08,64.79,64.8,63.82,64.63,64.63,13223400,1.0
2019-07-09,63.67,65.82,63.53,65.6,65.6,11074400,1.0
2019-07-10,66.8,68.09,66.4,67.54,67.54,19263700,2.0
2019-07-11,67.87,68.3,66.71,67.36,67.36,15981200,2.0
2019-07-12,67.55,68.51,67.38,68.49,68.49,11149100,2.0
2019-07-15,68.96,69.19,68.41,69.07,69.07,9174300,2.0
2019-07-16,68.85,69.08,67.44,68.09,68.09,13999000,2.0
2019-07-17,68.12,68.43,67.04,67.08,67.08,11563500,1.0
2019-07-18,66.09,67.66,65.43,67.37,67.37,17033500,1.0
2019-07-19,68.7,68.7,65.57,65.74,65.74,17597400,1.0
2019-07-22,66.24,67.73,66.22,67.29,67.29,11938300,1.0
2019-07-23,68.41,68.62,67.04,68.59,68.59,14506200,1.0
2019-07-24,67.84,70.05,67.8,70.05,70.05,13655600,1.0
2019-07-25,69.34,69.35,67.64,68.05,68.05,18759400,1.0
2019-07-26,69.3,70.39,69.22,70.07,70.07,13934800,1.0
2019-07-29,69.96,69.96,68.07,69.42,69.42,14159400,1.0
2019-07-30,67.82,69.28,67.66,68.49,68.49,13938000,1.0
2019-07-31,69.03,69.15,63.7,65.6,65.6,24542600,1.0
2019-08-01,65.96,69.6,63.64,64.68,64.68,37298100,1.0
2019-08-02,63.2,63.43,60.6,61.72,61.72,30865000,1.0
2019-08-05,57.94,57.94,53.68,55.24,55.24,37810600,0.0
2019-08-06,56.72,57.98,55.5,57.51,57.51,26692600,0.0
2019-08-07,55.61,58.63,54.3,58.35,58.35,38488600,0.0
2019-08-08,59.24,62.23,58.69,62.21,62.21,27382000,0.0
2019-08-09,61.26,61.92,58.97,60.37,60.37,27670800,0.0
2019-08-12,59.28,59.83,57.52,58.35,58.35,26663900,0.0
2019-08-13,58.24,63.39,58.0,62.18,62.18,29907400,0.0
2019-08-14,59.15,59.74,56.26,56.61,56.61,38116300,0.0
2019-08-15,56.9,57.32,55.07,56.37,56.37,26117400,0.0
2019-08-16,57.78,59.49,57.78,58.97,58.97,20550700,0.0
2019-08-19,61.47,62.24,60.97,61.73,61.73,15005500,2.0
2019-08-20,61.41,62.05,60.41,60.46,60.46,15658000,1.0
2019-08-21,62.03,62.59,61.37,62.0,62.0,12685200,1.0
2019-08-22,62.36,62.79,59.93,61.4,61.4,19078700,1.0
2019-08-23,60.13,61.8,55.08,55.78,55.78,37793800,1.0
2019-08-26,57.49,58.06,56.46,58.04,58.04,18323200,1.0
2019-08-27,59.25,59.56,57.0,57.69,57.69,19322400,1.0
2019-08-28,57.11,58.57,56.25,58.27,58.27,15978100,1.0
2019-08-29,60.42,61.43,59.74,60.92,60.92,17690400,1.0
2019-08-30,61.92,61.93,59.46,60.49,60.49,17012900,2.0
2019-09-03,59.29,60.18,58.11,58.73,58.73,16098200,1.0
2019-09-04,60.38,61.37,59.92,61.2,61.2,12558100,1.0
2019-09-05,63.22,65.11,63.12,64.58,64.58,15843000,1.0
2019-09-06,64.85,64.96,63.96,64.4,64.4,14379800,1.0
2019-09-09,64.97,65.07,62.97,63.99,63.99,14039100,2.0
2019-09-10,62.94,63.48,61.68,63.46,63.46,17095700,2.0
2019-09-11,63.75,65.29,63.33,65.17,65.17,13925100,2.0
2019-09-12,66.38,67.48,65.69,65.98,65.98,17491400,2.0
2019-09-13,65.7,66.14,65.0,65.28,65.28,13416000,2.0
2019-09-16,63.99,64.78,63.8,64.38,64.38,12140500,2.0
2019-09-17,64.36,65.29,63.98,65.23,65.23,11349500,2.0
2019-09-18,64.86,65.27,62.75,65.19,65.19,17757900,2.0
2019-09-19,65.53,66.69,65.1,65.48,65.48,16596300,2.0
2019-09-20,65.76,65.95,62.74,63.42,63.42,15439100,1.0
2019-09-23,63.28,64.04,62.7,63.48,63.48,11176200,1.0
2019-09-24,64.35,64.74,60.14,60.97,60.97,25470700,1.0
2019-09-25,60.76,63.44,59.23,62.92,62.92,19038000,1.0
2019-09-26,62.73,62.86,60.86,62.29,62.29,17026800,1.0
2019-09-27,62.55,62.65,58.66,60.03,60.03,23561500,1.0
2019-09-30,60.6,61.92,60.28,61.63,61.63,14637900,1.0
2019-10-01,62.32,63.35,59.82,60.14,60.14,19806800,1.0
2019-10-02,58.93,58.93,56.02,57.06,57.06,33853000,0.0
2019-10-03,57.02,58.97,54.91,58.94,58.94,30065200,0.0
2019-10-04,59.71,61.68,59.59,61.42,61.42,21122200,0.0
2019-10-07,60.86,62.33,60.54,60.85,60.85,20316300,0.0
2019-10-08,59.64,60.48,58.0,58.08,58.08,29425700,0.0
2019-10-09,59.6,60.61,59.06,59.84,59.84,19033700,0.0
2019-10-10,59.85,61.87,59.68,61.15,61.15,22029900,0.0
2019-10-11,63.22,65.0,63.14,63.44,63.44,27813700,0.0
2019-10-14,63.25,64.11,63.06,63.51,63.51,11436700,1.0
2019-10-15,64.08,66.35,63.97,65.92,65.92,17590200,1.0
2019-10-16,65.22,65.91,64.79,65.43,65.43,14649200,2.0
2019-10-17,66.56,66.86,65.14,65.88,65.88,15229900,2.0
2019-10-18,65.62,66.03,62.99,63.99,63.99,19305500,2.0
2019-10-21,65.03,65.82,64.43,65.68,65.68,11772000,2.0
2019-10-22,66.36,66.73,64.08,64.16,64.16,15627900,2.0
2019-10-23,63.71,64.51,63.4,64.46,64.46,12113200,2.0
2019-10-24,65.87,66.44,64.97,66.31,66.31,15310600,2.0
2019-10-25,65.29,67.99,65.25,67.82,67.82,16147200,2.0
2019-10-28,68.86,70.17,68.86,69.89,69.89,13949500,2.0
2019-10-29,69.55,69.85,68.23,68.28,68.28,13378500,2.0
2019-10-30,68.64,69.58,67.47,69.24,69.24,14873100,1.0
2019-10-31,69.77,69.92,68.11,69.29,69.29,15412000,1.0
2019-11-01,70.21,71.19,69.89,71.17,71.17,14381600,1.0
2019-11-04,72.61,72.97,72.12,72.44,72.44,12490800,1.0
2019-11-05,72.77,72.98,71.89,72.53,72.53,12903700,1.0
2019-11-06,72.35,72.38,71.05,72.07,72.07,14416200,2.0
2019-11-07,73.21,74.2,72.17,72.8,72.8,15714900,2.0
2019-11-08,72.37,73.69,71.83,73.66,73.66,10200900,2.0
2019-11-11,72.57,73.46,72.25,73.35,73.35,9511600,2.0
2019-11-12,73.52,74.72,73.2,73.95,73.95,16086500,2.0
2019-11-13,73.23,74.23,73.06,73.84,73.84,13969800,2.0
2019-11-14,73.19,73.97,72.51,73.82,73.82,13331400,2.0
2019-11-15,75.11,75.34,74.46,75.21,75.21,11323300,2.0
2019-11-18,75.11,75.98,74.18,75.6,75.6,12087000,2.0
2019-11-19,76.47,76.47,75.09,75.91,75.91,14015000,2.0
2019-11-20,75.35,76.03,72.82,74.58,74.58,18797500,2.0
2019-11-21,74.32,74.45,73.35,74.0,74.0,11332400,1.0
2019-11-22,74.56,74.71,72.97,74.2,74.2,10458500,1.0
2019-11-25,75.12,76.82,75.1,76.77,76.77,10009800,1.0
2019-11-26,76.91,77.51,76.6,77.23,77.23,10461300,1.0
2019-11-27,77.78,78.82,77.52,78.79,78.79,10194600,1.0
2019-11-29,78.21,78.57,77.6,77.74,77.74,6724500,1.0
2019-12-02,77.74,77.79,74.03,75.24,75.24,18976900,1.0
2019-12-03,72.3,73.63,71.11,73.55,73.55,19506500,1.0
2019-12-04,74.69,75.17,74.34,74.64,74.64,10957400,1.0
2019-12-05,75.42,75.43,73.97,75.03,75.03,11135100,1.0
2019-12-06,76.68,77.62,76.54,77.35,77.35,11617700,1.0
2019-12-09,77.09,78.13,76.32,76.4,76.4,9741100,1.0
2019-12-10,76.45,77.28,75.68,76.23,76.23,14006000,1.0
2019-12-11,76.68,77.63,76.36,77.38,77.38,11324500,1.0
2019-12-12,77.13,80.0,76.82,79.15,79.15,22895500,1.0
2019-12-13,78.96,80.72,78.46,79.86,79.86,20124500,1.0
2019-12-16,81.42,82.57,81.36,82.15,82.15,12423500,2.0
2019-12-17,82.57,82.79,82.0,82.26,82.26,10568600,2.0
2019-12-18,82.65,83.28,82.34,82.45,82.45,8926000,2.0
2019-12-19,82.66,84.18,82.66,84.13,84.13,10423100,2.0
2019-12-20,85.23,85.52,84.6,85.13,85.13,12443500,2.0
2019-12-23,86.02,86.18,85.57,85.76,85.76,9053400,2.0
2019-12-24,85.95,86.07,85.25,85.84,85.84,4987300,2.0
2019-12-26,86.23,88.11,86.23,88.07,88.07,8032300,2.0
2019-12-27,89.01,89.06,87.15,87.81,87.81,12468800,2.0
2019-12-30,87.73,87.86,84.8,86.06,86.06,14113200,2.0
2019-12-31,85.3,86.76,84.86,86.55,86.55,10547500,2.0
2020-01-02,88.71,90.84,88.22,90.84,90.84,16384000,1.0
2020-01-03,87.29,90.0,87.24,88.37,88.37,18147500,1.0
2020-01-06,86.27,90.08,85.95,90.05,90.05,16011900,1.0
2020-01-07,90.14,90.78,89.16,89.94,89.94,13462400,1.0
2020-01-08,89.96,93.28,89.53,92.01,92.01,19895600,1.0
2020-01-09,94.23,94.86,92.72,94.33,94.33,18177900,1.0
2020-01-10,95.39,95.47,93.13,93.56,93.56,17200500,1.0
2020-01-13,94.73,96.88,94.31,96.83,96.83,14569800,1.0
2020-01-14,96.58,97.15,95.22,95.7,95.7,18217200,2.0
2020-01-15,95.78,97.13,94.82,95.76,95.76,16625400,1.0
2020-01-16,97.11,98.49,96.53,98.43,98.43,15137600,1.0
2020-01-17,99.71,100.14,98.26,99.9,99.9,18050300,2.0
2020-01-21,99.03,100.51,98.96,99.85,99.85,17360300,2.0
2020-01-22,101.23,102.29,100.18,100.53,100.53,17018600,2.0
2020-01-23,100.33,101.59,98.97,101.46,101.46,17948600,2.0
2020-01-24,102.9,103.21,97.51,98.83,98.83,29921800,1.0
2020-01-27,92.25,94.35,90.18,92.72,92.72,24828300,1.0
2020-01-28,94.65,97.67,93.98,97.03,97.03,21482800,1.0
2020-01-29,98.63,98.96,96.18,97.38,97.38,17234700,1.0
2020-01-30,95.6,98.6,94.65,98.48,98.48,25031200,1.0
2020-01-31,99.68,99.75,92.75,93.64,93.64,27548000,1.0
2020-02-03,95.11,98.66,94.93,97.94,97.94,21773100,0.0
2020-02-04,102.0,105.25,101.02,104.63,104.63,17531100,0.0
2020-02-05,108.56,108.58,103.89,105.84,105.84,21826500,0.0
2020-02-06,106.51,108.54,105.41,108.42,108.42,14141600,1.0
2020-02-07,106.98,108.81,106.12,107.02,107.02,19256500,1.0
2020-02-10,105.98,110.91,105.9,110.88,110.88,15406100,2.0
2020-02-11,112.7,113.87,110.08,110.96,110.96,24221300,2.0
2020-02-12,112.89,114.35,112.1,114.21,114.21,15201000,2.0
2020-02-13,111.79,115.1,111.38,113.77,113.77,19410300,1.0
2020-02-14,114.22,114.99,113.08,114.54,114.54,14246200,2.0
2020-02-18,112.92,115.43,112.59,114.74,114.74,16270900,2.0
2020-02-19,116.81,118.8,116.4,118.06,118.06,13203400,2.0
2020-02-20,117.3,117.98,110.39,114.7,114.7,28457200,1.0
2020-02-21,113.06,113.58,106.73,108.14,108.14,25888400,1.0
2020-02-24,96.28,99.58,93.63,95.68,95.68,33709300,1.0
2020-02-25,97.93,98.91,86.94,87.94,87.94,37599200,0.0
2020-02-26,89.28,93.73,87.15,89.15,89.15,41967000,0.0
2020-02-27,82.3,86.41,75.58,75.82,75.82,53139500,0.0
2020-02-28,68.41,77.43,67.5,77.0,77.0,61918500,0.0
2020-03-02,79.27,87.74,75.97,87.51,87.51,45439800,0.0
2020-03-03,88.37,91.5,76.88,79.27,79.27,68515800,0.0
2020-03-04,83.54,89.15,81.3,88.89,88.89,39478400,0.0
2020-03-05,82.24,86.76,79.09,81.09,81.09,48371500,0.0
2020-03-06,72.73,78.08,71.0,76.84,76.84,49189900,0.0
2020-03-09,61.53,69.15,61.0,61.23,61.23,50870600,0.0
2020-03-10,67.98,70.93,61.0,70.76,70.76,57031600,0.0
2020-03-11,65.78,67.23,59.0,61.66,61.66,53866000,0.0
2020-03-12,49.5,57.5,44.4,44.76,44.76,76697200,2.0
