Date,Open,High,Low,Close,Adj Close,Volume
2015-09-09,199.32,199.47,-5,1.0,1.0,149347700
2015-09-10,194.56,197.22,-5,1.0,1.0,158611100
2015-09-11,195.38,196.82,-5,1.0,1.0,119691200
2015-09-14,196.95,197.01,-5,1.0,1.0,79452000
2015-09-15,196.61,198.99,-5,1.0,1.0,113806200
2015-09-16,198.82,200.41,-5,1.0,1.0,99581600
2015-09-17,200.02,202.89,-5,1.0,1.0,276046600
2015-09-18,195.71,198.68,-5,1.0,1.0,223657500
2015-09-21,196.44,197.68,-5,1.0,1.0,105726200
2015-09-22,193.88,194.46,-5,1.0,1.0,153890900
2015-09-23,194.11,194.67,-5,1.0,1.0,92790600
2015-09-24,192.15,193.45,-5,1.0,1.0,159378800
2015-09-25,194.64,195.0,-5,1.0,1.0,155054800
2015-09-28,191.78,191.91,-5,1.0,1.0,178515900
2015-09-29,188.27,189.74,-5,1.0,1.0,159045600
2015-09-30,190.37,191.83,-5,1.0,1.0,163452000
2015-10-01,192.08,192.49,-5,1.0,1.0,131079000
2015-10-02,189.77,195.03,-5,1.0,1.0,211003300
2015-10-05,196.46,198.74,-5,1.0,1.0,126320800
2015-10-06,198.31,198.98,-5,1.0,1.0,110274500
2015-10-07,198.9,199.83,-5,1.0,1.0,124307300
2015-10-08,198.95,201.55,-5,1.0,1.0,153055200
2015-10-09,201.38,201.9,-5,1.0,1.0,107069200
2015-10-12,201.42,201.76,-5,1.0,1.0,56395600
2015-10-13,200.65,202.16,-5,1.0,1.0,88038700
2015-10-14,200.18,200.87,-5,1.0,1.0,99106200
2015-10-15,200.08,202.36,-5,1.0,1.0,134142200
2015-10-16,202.83,203.29,-5,1.0,1.0,114580100
2015-10-19,202.5,203.37,-5,1.0,1.0,76523900
2015-10-20,202.85,203.84,-5,1.0,1.0,78448500
2015-10-21,203.61,203.79,-5,1.0,1.0,102038000
2015-10-22,202.98,205.51,-5,1.0,1.0,174911700
2015-10-23,207.25,207.95,-5,1.0,1.0,144442300
2015-10-26,207.3,207.37,-5,1.0,1.0,69033000
2015-10-27,206.2,207.0,-5,1.0,1.0,77905800
2015-10-28,207.0,208.98,-5,1.0,1.0,135906700
2015-10-29,208.35,209.27,-5,1.0,1.0,90525500
2015-10-30,209.06,209.44,-5,1.0,1.0,131076900
2015-11-02,208.32,210.62,-5,1.0,1.0,86270800
2015-11-03,209.97,211.66,-5,1.0,1.0,95246100
2015-11-04,211.35,211.5,-5,1.0,1.0,96224500
2015-11-05,210.43,210.98,-5,1.0,1.0,78408700
2015-11-06,209.74,210.32,-5,1.0,1.0,110471500
2015-11-09,209.31,209.49,-5,1.0,1.0,131008700
2015-11-10,207.51,208.6,-5,1.0,1.0,75874600
2015-11-11,208.88,208.94,-5,1.0,1.0,67846000
2015-11-12,206.5,207.06,-5,1.0,1.0,121315200
2015-11-13,204.35,204.67,-5,1.0,1.0,153577100
2015-11-16,202.32,205.69,-5,1.0,1.0,117645200
2015-11-17,205.99,207.04,-5,1.0,1.0,121123700
2015-11-18,206.04,208.9,-5,1.0,1.0,121342500
2015-11-19,208.59,209.05,-5,1.0,1.0,88220500
2015-11-20,209.45,210.12,-5,1.0,1.0,94011500
2015-11-23,209.38,209.98,-5,1.0,1.0,64931200
2015-11-24,207.87,209.83,-5,1.0,1.0,98874400
2015-11-25,209.5,209.74,-5,1.0,1.0,51980100
2015-11-27,209.43,209.8,-5,1.0,1.0,37317800
2015-11-30,209.75,209.89,-5,1.0,1.0,112822700
2015-12-01,209.44,210.82,-5,1.0,1.0,97858400
2015-12-02,210.62,211.0,-5,1.0,1.0,108441300
2015-12-03,208.83,209.15,-5,1.0,1.0,166224200
2015-12-04,205.61,209.97,-5,1.0,1.0,192913900
2015-12-07,209.23,209.73,-5,1.0,1.0,102027100
2015-12-08,206.49,208.29,-5,1.0,1.0,103372400
2015-12-09,206.19,208.68,-5,1.0,1.0,162401500
2015-12-10,205.42,207.43,-5,1.0,1.0,116128900
2015-12-11,203.35,204.14,-5,1.0,1.0,211173300
2015-12-14,202.07,203.05,-5,1.0,1.0,182385200
2015-12-15,204.7,206.11,-5,1.0,1.0,154069600
2015-12-16,206.37,208.39,-5,1.0,1.0,197017000
2015-12-17,208.4,208.48,-5,1.0,1.0,173092500
2015-12-18,202.77,202.93,-5,1.0,1.0,251393500
2015-12-21,201.41,201.88,-5,1.0,1.0,99094300
2015-12-22,202.72,203.85,-5,1.0,1.0,111026200
2015-12-23,204.69,206.07,-5,1.0,1.0,110987200
2015-12-24,205.72,206.33,-5,1.0,1.0,48539600
2015-12-28,204.86,205.26,-5,1.0,1.0,65899900
2015-12-29,206.51,207.79,-5,1.0,1.0,92640700
2015-12-30,207.11,207.21,-5,1.0,1.0,63317700
2015-12-31,205.13,205.89,-5,1.0,1.0,114877900
2016-01-04,200.49,201.03,-5,1.0,1.0,222353500
2016-01-05,201.4,201.9,-5,1.0,1.0,110845800
2016-01-06,198.34,200.06,-5,1.0,1.0,152112600
2016-01-07,195.33,197.44,-5,1.0,1.0,213436100
2016-01-08,195.19,195.85,-5,1.0,1.0,209817200
2016-01-11,193.01,193.41,-5,1.0,1.0,187941300
2016-01-12,193.82,194.55,-5,1.0,1.0,172330500
2016-01-13,194.45,194.86,-5,1.0,1.0,221168900
2016-01-14,189.55,193.26,-5,1.0,1.0,240795600
2016-01-15,186.77,188.76,-5,1.0,1.0,324846400
2016-01-19,189.96,190.11,-5,1.0,1.0,195244400
2016-01-20,185.03,187.5,-5,1.0,1.0,286547800
2016-01-21,186.21,188.87,-5,1.0,1.0,195772900
2016-01-22,189.78,190.76,-5,1.0,1.0,168319600
2016-01-25,189.92,190.15,-5,1.0,1.0,130371700
2016-01-26,188.42,190.53,-5,1.0,1.0,141036800
2016-01-27,189.58,191.56,-5,1.0,1.0,185681700
2016-01-28,189.96,190.2,-5,1.0,1.0,143798800
2016-01-29,190.02,193.88,-5,1.0,1.0,210529300
2016-02-01,192.53,194.58,-5,1.0,1.0,136061600
2016-02-02,191.96,191.97,-5,1.0,1.0,182564900
2016-02-03,191.41,191.78,-5,1.0,1.0,205054900
2016-02-04,190.71,192.75,-5,1.0,1.0,139531800
2016-02-05,190.99,191.67,-5,1.0,1.0,180788300
2016-02-08,185.77,186.12,-5,1.0,1.0,191526700
2016-02-09,183.36,186.94,-5,1.0,1.0,184513100
2016-02-10,186.41,188.34,-5,1.0,1.0,148214100
2016-02-11,182.34,184.1,-5,1.0,1.0,219058900
2016-02-12,184.96,186.65,-5,1.0,1.0,127632400
2016-02-16,188.77,189.81,-5,1.0,1.0,120250700
2016-02-17,191.16,193.32,-5,1.0,1.0,136009500
2016-02-18,193.2,193.27,-5,1.0,1.0,102343000
2016-02-19,191.17,192.18,-5,1.0,1.0,114793000
2016-02-22,193.87,194.95,-5,1.0,1.0,103640300
2016-02-23,194.0,194.32,-5,1.0,1.0,111455300
2016-02-24,190.63,193.53,-5,1.0,1.0,150812200
2016-02-25,193.73,195.55,-5,1.0,1.0,110728300
2016-02-26,196.57,196.68,-5,1.0,1.0,129833700
2016-02-29,195.11,196.23,-5,1.0,1.0,125918100
2016-03-01,195.01,198.21,-5,1.0,1.0,141799700
2016-03-02,197.74,199.06,-5,1.0,1.0,102415000
2016-03-03,198.79,199.8,-5,1.0,1.0,95172200
2016-03-04,200.01,201.35,-5,1.0,1.0,129293600
2016-03-07,199.34,201.07,-5,1.0,1.0,100219000
2016-03-08,199.32,199.92,-5,1.0,1.0,123974900
2016-03-09,199.36,199.79,-5,1.0,1.0,94801200
2016-03-10,199.96,201.07,-5,1.0,1.0,156838700
2016-03-11,201.26,202.81,-5,1.0,1.0,137964500
2016-03-14,202.16,203.04,-5,1.0,1.0,73612000
2016-03-15,201.36,202.53,-5,1.0,1.0,93169100
2016-03-16,201.6,203.82,-5,1.0,1.0,129303200
2016-03-17,203.24,205.23,-5,1.0,1.0,134278500
2016-03-18,204.17,204.78,-5,1.0,1.0,138372400
2016-03-21,204.07,204.94,-5,1.0,1.0,72926700
2016-03-22,203.76,205.23,-5,1.0,1.0,97471900
2016-03-23,204.11,204.33,-5,1.0,1.0,81052500
2016-03-24,202.0,203.16,-5,1.0,1.0,84360900
2016-03-28,203.61,203.86,-5,1.0,1.0,62408200
2016-03-29,202.76,205.25,-5,1.0,1.0,92922900
2016-03-30,206.3,206.87,-5,1.0,1.0,86365300
2016-03-31,205.91,206.41,-5,1.0,1.0,94584100
2016-04-01,204.35,207.14,-5,1.0,1.0,114423500
2016-04-04,206.83,207.07,-5,1.0,1.0,63497000
2016-04-05,204.67,206.26,-5,1.0,1.0,99662200
2016-04-06,204.19,206.49,-5,1.0,1.0,91839800
2016-04-07,205.14,205.56,-5,1.0,1.0,113859000
2016-04-08,205.34,205.85,-5,1.0,1.0,95040600
2016-04-11,205.25,206.07,-5,1.0,1.0,83757500
2016-04-12,204.22,206.25,-5,1.0,1.0,115350600
2016-04-13,207.0,208.1,-5,1.0,1.0,96336400
2016-04-14,208.07,208.6,-5,1.0,1.0,65212900
2016-04-15,208.01,208.17,-5,1.0,1.0,75761600
2016-04-18,207.78,209.28,-5,1.0,1.0,82531000
2016-04-19,209.74,210.2,-5,1.0,1.0,88316100
2016-04-20,209.95,210.92,-5,1.0,1.0,81100300
2016-04-21,210.12,210.25,-5,1.0,1.0,85695000
2016-04-22,208.55,209.29,-5,1.0,1.0,99251700
2016-04-25,208.26,208.66,-5,1.0,1.0,66166500
2016-04-26,209.04,209.52,-5,1.0,1.0,75864200
2016-04-27,208.47,209.81,-5,1.0,1.0,77329400
2016-04-28,208.46,209.76,-5,1.0,1.0,97216200
2016-04-29,206.72,207.13,-5,1.0,1.0,142424100
2016-05-02,206.92,208.18,-5,1.0,1.0,62188000
2016-05-03,206.52,206.8,-5,1.0,1.0,106422100
2016-05-04,204.99,205.85,-5,1.0,1.0,92243800
2016-05-05,205.56,205.98,-5,1.0,1.0,67619200
2016-05-06,204.06,205.77,-5,1.0,1.0,89315000
2016-05-09,205.57,206.4,-5,1.0,1.0,74374900
2016-05-10,206.72,208.47,-5,1.0,1.0,77472200
2016-05-11,207.91,208.54,-5,1.0,1.0,81727000
2016-05-12,207.29,207.49,-5,1.0,1.0,89586300
2016-05-13,206.21,206.86,-5,1.0,1.0,96474600
2016-05-16,204.96,207.34,-5,1.0,1.0,77486800
2016-05-17,206.46,206.8,-5,1.0,1.0,114924900
2016-05-18,204.44,206.3,-5,1.0,1.0,120062100
2016-05-19,204.06,204.54,-5,1.0,1.0,115430500
2016-05-20,204.92,206.1,-5,1.0,1.0,104990400
2016-05-23,205.51,205.84,-5,1.0,1.0,58682600
2016-05-24,206.17,208.24,-5,1.0,1.0,93537800
2016-05-25,208.67,209.77,-5,1.0,1.0,76621400
2016-05-26,209.44,209.71,-5,1.0,1.0,55280700
2016-05-27,209.53,210.25,-5,1.0,1.0,64211200
2016-05-31,210.56,210.69,-5,1.0,1.0,109879400
2016-06-01,209.12,210.48,-5,1.0,1.0,69936200
2016-06-02,209.8,210.93,-5,1.0,1.0,63044700
2016-06-03,210.25,210.69,-5,1.0,1.0,101757100
2016-06-06,210.7,211.77,-5,1.0,1.0,64887000
2016-06-07,211.53,212.34,-5,1.0,1.0,60974800
2016-06-08,211.84,212.52,-5,1.0,1.0,66170900
2016-06-09,211.51,212.22,-5,1.0,1.0,73786900
2016-06-10,210.46,210.86,-5,1.0,1.0,113829200
2016-06-13,209.36,210.37,-5,1.0,1.0,117751200
2016-06-14,208.0,208.74,-5,1.0,1.0,125059300
2016-06-15,208.04,209.36,-5,1.0,1.0,109124500
2016-06-16,207.75,208.57,-5,1.0,1.0,149533100
2016-06-17,207.17,207.2,-5,1.0,1.0,117055700
2016-06-20,208.82,209.61,-5,1.0,1.0,82789600
2016-06-21,208.3,208.92,-5,1.0,1.0,72461700
2016-06-22,208.65,209.5,-5,1.0,1.0,95560500
2016-06-23,209.81,210.87,-5,1.0,1.0,102731400
2016-06-24,203.63,210.85,-5,1.0,1.0,333444400
2016-06-27,201.59,201.6,-5,1.0,1.0,230775800
2016-06-28,201.48,203.23,-5,1.0,1.0,159382400
2016-06-29,204.84,206.93,-5,1.0,1.0,137328600
2016-06-30,207.21,209.54,-5,1.0,1.0,165021900
2016-07-01,209.48,210.49,-5,1.0,1.0,106055300
2016-07-05,208.95,209.08,-5,1.0,1.0,109803700
2016-07-06,207.83,209.8,-5,1.0,1.0,96021500
2016-07-07,209.87,210.65,-5,1.0,1.0,85593800
2016-07-08,211.05,212.94,-5,1.0,1.0,133971000
2016-07-11,213.19,214.07,-5,1.0,1.0,73633900
2016-07-12,214.53,215.3,-5,1.0,1.0,101275600
2016-07-13,215.44,215.45,-5,1.0,1.0,87324100
2016-07-14,216.4,216.67,-5,1.0,1.0,91230900
2016-07-15,216.78,217.01,-5,1.0,1.0,107155400
2016-07-18,215.97,216.6,-5,1.0,1.0,58725900
2016-07-19,215.92,216.23,-5,1.0,1.0,54345700
2016-07-20,216.19,217.37,-5,1.0,1.0,58159500
2016-07-21,216.96,217.22,-5,1.0,1.0,67777300
2016-07-22,216.41,217.3,-5,1.0,1.0,62787500
2016-07-25,217.0,217.06,-5,1.0,1.0,55873100
2016-07-26,216.53,217.17,-5,1.0,1.0,70080500
2016-07-27,217.19,217.27,-5,1.0,1.0,84083900
2016-07-28,216.29,217.11,-5,1.0,1.0,65035700
2016-07-29,216.46,217.54,-5,1.0,1.0,79519400
2016-08-01,217.19,217.65,-5,1.0,1.0,73311400
2016-08-02,216.65,216.83,-5,1.0,1.0,92295500
2016-08-03,215.48,216.25,-5,1.0,1.0,53993600
2016-08-04,216.31,216.78,-5,1.0,1.0,46585500
2016-08-05,216.41,218.23,-5,1.0,1.0,71892200
2016-08-08,218.4,218.52,-5,1.0,1.0,39906500
2016-08-09,218.13,218.76,-5,1.0,1.0,51251700
2016-08-10,218.31,218.4,-5,1.0,1.0,57941100
2016-08-11,218.26,218.94,-5,1.0,1.0,72504300
2016-08-12,218.29,218.71,-5,1.0,1.0,61313500
2016-08-15,218.89,219.5,-5,1.0,1.0,49813500
2016-08-16,218.6,218.68,-5,1.0,1.0,53213600
2016-08-17,218.0,218.53,-5,1.0,1.0,75134300
2016-08-18,218.34,218.9,-5,1.0,1.0,52989300
2016-08-19,218.31,218.75,-5,1.0,1.0,75443000
2016-08-22,218.26,218.8,-5,1.0,1.0,61368800
2016-08-23,219.25,219.6,-5,1.0,1.0,53399200
2016-08-24,218.8,218.91,-5,1.0,1.0,71728900
2016-08-25,217.4,218.19,-5,1.0,1.0,69224800
2016-08-26,217.92,219.12,-5,1.0,1.0,122506300
2016-08-29,217.44,218.67,-5,1.0,1.0,70502200
2016-08-30,218.26,218.59,-5,1.0,1.0,58114500
2016-08-31,217.61,217.75,-5,1.0,1.0,85269500
2016-09-01,217.37,217.73,-5,1.0,1.0,97844200
2016-09-02,218.39,218.87,-5,1.0,1.0,79293900
2016-09-06,218.7,219.12,-5,1.0,1.0,56702100
2016-09-07,218.84,219.22,-5,1.0,1.0,76554900
2016-09-08,218.62,218.94,-5,1.0,1.0,74102900
2016-09-09,216.97,217.03,-5,1.0,1.0,221589100
2016-09-12,212.39,216.81,-5,1.0,1.0,168110900
2016-09-13,214.84,215.15,-5,1.0,1.0,182828800
2016-09-14,213.29,214.7,-5,1.0,1.0,134185500
2016-09-15,212.96,215.73,-5,1.0,1.0,134427900
2016-09-16,213.48,213.69,-5,1.0,1.0,155236400
2016-09-19,214.13,214.88,-5,1.0,1.0,80250500
2016-09-20,214.41,214.59,-5,1.0,1.0,69665300
2016-09-21,214.24,216.03,-5,1.0,1.0,110284400
2016-09-22,217.0,217.53,-5,1.0,1.0,76678700
2016-09-23,216.72,216.88,-5,1.0,1.0,73630900
2016-09-26,215.02,215.23,-5,1.0,1.0,89827300
2016-09-27,214.05,215.68,-5,1.0,1.0,78494800
2016-09-28,215.83,216.82,-5,1.0,1.0,87411000
2016-09-29,216.4,216.87,-5,1.0,1.0,128070600
2016-09-30,215.65,217.12,-5,1.0,1.0,117202900
2016-10-03,215.82,216.04,-5,1.0,1.0,83512100
2016-10-04,215.91,216.17,-5,1.0,1.0,119948100
2016-10-05,215.41,216.13,-5,1.0,1.0,72816000
2016-10-06,215.37,216.04,-5,1.0,1.0,62927400
2016-10-07,216.1,216.3,-5,1.0,1.0,89788300
2016-10-10,216.16,216.7,-5,1.0,1.0,51855000
2016-10-11,215.66,215.74,-5,1.0,1.0,130367400
2016-10-12,213.59,214.32,-5,1.0,1.0,73866100
2016-10-13,212.16,213.59,-5,1.0,1.0,101357000
2016-10-14,214.15,214.69,-5,1.0,1.0,93346200
2016-10-17,213.09,213.39,-5,1.0,1.0,58275700
2016-10-18,214.24,214.31,-5,1.0,1.0,76869700
2016-10-19,214.02,214.64,-5,1.0,1.0,66519200
2016-10-20,213.87,214.53,-5,1.0,1.0,73639800
2016-10-21,213.88,214.08,-5,1.0,1.0,89089100
2016-10-24,215.0,215.32,-5,1.0,1.0,60146600
2016-10-25,214.68,214.98,-5,1.0,1.0,66542300
2016-10-26,213.21,214.42,-5,1.0,1.0,75705500
2016-10-27,214.58,214.62,-5,1.0,1.0,77220200
2016-10-28,213.14,213.93,-5,1.0,1.0,140623200
2016-10-31,212.93,213.19,-5,1.0,1.0,61272500
2016-11-01,212.93,212.99,-5,1.0,1.0,122781800
2016-11-02,210.65,211.1,-5,1.0,1.0,103330800
2016-11-03,209.99,210.24,-5,1.0,1.0,88939300
2016-11-04,208.91,209.89,-5,1.0,1.0,109122100
2016-11-07,208.55,213.19,-5,1.0,1.0,109794900
2016-11-08,212.69,214.77,-5,1.0,1.0,106772100
2016-11-09,212.37,217.1,-5,1.0,1.0,258429000
2016-11-10,217.3,218.31,-5,1.0,1.0,172113300
2016-11-11,216.08,216.7,-5,1.0,1.0,100552700
2016-11-14,217.03,217.27,-5,1.0,1.0,94580000
2016-11-15,217.04,218.28,-5,1.0,1.0,91652600
2016-11-16,217.56,218.14,-5,1.0,1.0,65617700
2016-11-17,218.05,219.06,-5,1.0,1.0,69797200
2016-11-18,219.07,219.27,-5,1.0,1.0,86265800
2016-11-21,219.17,220.18,-5,1.0,1.0,72402600
2016-11-22,220.51,220.79,-5,1.0,1.0,67429000
2016-11-23,219.98,220.76,-5,1.0,1.0,56620200
2016-11-25,221.1,221.56,-5,1.0,1.0,37872300
2016-11-28,221.16,221.48,-5,1.0,1.0,76572500
2016-11-29,220.52,221.44,-5,1.0,1.0,69886700
2016-11-30,221.63,221.82,-5,1.0,1.0,113291800
2016-12-01,220.73,220.73,-5,1.0,1.0,79040500
2016-12-02,219.67,220.25,-5,1.0,1.0,74840300
2016-12-05,220.65,221.4,-5,1.0,1.0,67837800
2016-12-06,221.22,221.74,-5,1.0,1.0,59877400
2016-12-07,221.52,224.67,-5,1.0,1.0,110738100
2016-12-08,224.57,225.7,-5,1.0,1.0,99714400
2016-12-09,225.41,226.53,-5,1.0,1.0,88005800
2016-12-12,226.4,226.96,-5,1.0,1.0,102016100
2016-12-13,227.02,228.34,-5,1.0,1.0,110477500
2016-12-14,227.41,228.23,-5,1.0,1.0,142501800
2016-12-15,226.16,227.81,-5,1.0,1.0,124972600
2016-12-16,226.01,226.08,-5,1.0,1.0,156420200
2016-12-19,225.25,226.02,-5,1.0,1.0,90341100
2016-12-20,226.15,226.57,-5,1.0,1.0,89838800
2016-12-21,226.25,226.45,-5,1.0,1.0,67909000
2016-12-22,225.6,225.74,-5,1.0,1.0,56219100
2016-12-23,225.43,225.72,-5,1.0,1.0,36697800
2016-12-27,226.02,226.73,-5,1.0,1.0,42672500
2016-12-28,226.57,226.59,-5,1.0,1.0,64095000
2016-12-29,224.48,224.89,-5,1.0,1.0,48696100
2016-12-30,224.73,224.83,-5,1.0,1.0,108998300
2017-01-03,225.04,225.83,-5,1.0,1.0,91366500
2017-01-04,225.62,226.75,-5,1.0,1.0,78744400
2017-01-05,226.27,226.58,-5,1.0,1.0,78379000
2017-01-06,226.53,227.75,-5,1.0,1.0,71559900
2017-01-09,226.91,227.07,-5,1.0,1.0,46939700
2017-01-10,226.48,227.45,-5,1.0,1.0,63771900
2017-01-11,226.36,227.1,-5,1.0,1.0,74650000
2017-01-12,226.5,226.75,-5,1.0,1.0,72113200
2017-01-13,226.73,227.4,-5,1.0,1.0,62717900
2017-01-17,226.31,226.78,-5,1.0,1.0,61240800
2017-01-18,226.54,226.8,-5,1.0,1.0,54793300
2017-01-19,226.84,227.0,-5,1.0,1.0,66608800
2017-01-20,226.7,227.31,-5,1.0,1.0,129168600
2017-01-23,226.74,226.81,-5,1.0,1.0,75061600
2017-01-24,226.4,228.08,-5,1.0,1.0,95555300
2017-01-25,228.7,229.57,-5,1.0,1.0,84437700
2017-01-26,229.4,229.71,-5,1.0,1.0,59970700
2017-01-27,229.42,229.59,-5,1.0,1.0,59711100
2017-01-30,228.17,228.2,-5,1.0,1.0,79737300
2017-01-31,226.98,227.6,-5,1.0,1.0,75880800
2017-02-01,227.53,228.59,-5,1.0,1.0,79117700
2017-02-02,227.62,228.1,-5,1.0,1.0,69657600
2017-02-03,228.82,229.55,-5,1.0,1.0,80563200
2017-02-06,228.87,229.33,-5,1.0,1.0,57790100
2017-02-07,229.38,229.66,-5,1.0,1.0,57931200
2017-02-08,228.94,229.39,-5,1.0,1.0,51566200
2017-02-09,229.24,230.95,-5,1.0,1.0,65955200
2017-02-10,231.0,231.77,-5,1.0,1.0,66015900
2017-02-13,232.08,233.07,-5,1.0,1.0,55182100
2017-02-14,232.56,233.71,-5,1.0,1.0,71109000
2017-02-15,233.45,235.14,-5,1.0,1.0,86785800
2017-02-16,234.95,235.16,-5,1.0,1.0,84722400
2017-02-17,233.95,235.09,-5,1.0,1.0,77204100
2017-02-21,235.52,236.69,-5,1.0,1.0,88946100
2017-02-22,236.02,236.54,-5,1.0,1.0,62115200
2017-02-23,236.88,236.9,-5,1.0,1.0,74615900
2017-02-24,235.46,236.79,-5,1.0,1.0,82381600
2017-02-27,236.64,237.31,-5,1.0,1.0,56515400
2017-02-28,236.67,236.95,-5,1.0,1.0,96961900
2017-03-01,238.39,240.32,-5,1.0,1.0,149158200
2017-03-02,239.56,239.57,-5,1.0,1.0,70246000
2017-03-03,238.17,238.61,-5,1.0,1.0,81974300
2017-03-06,237.5,238.12,-5,1.0,1.0,55391500
2017-03-07,237.36,237.77,-5,1.0,1.0,65103700
2017-03-08,237.34,237.64,-5,1.0,1.0,78168800
2017-03-09,236.7,237.24,-5,1.0,1.0,90683900
2017-03-10,237.97,238.02,-5,1.0,1.0,81991700
2017-03-13,237.62,237.86,-5,1.0,1.0,57256800
2017-03-14,237.18,237.24,-5,1.0,1.0,59880800
2017-03-15,237.56,239.44,-5,1.0,1.0,96081800
2017-03-16,239.11,239.2,-5,1.0,1.0,78344000
2017-03-17,237.75,237.97,-5,1.0,1.0,89002100
2017-03-20,237.03,237.36,-5,1.0,1.0,52537000
2017-03-21,237.47,237.61,-5,1.0,1.0,131809300
2017-03-22,233.77,234.61,-5,1.0,1.0,97569200
2017-03-23,234.28,235.34,-5,1.0,1.0,100410300
2017-03-24,234.38,235.04,-5,1.0,1.0,112504900
2017-03-27,231.93,233.92,-5,1.0,1.0,87454500
2017-03-28,233.27,235.81,-5,1.0,1.0,93483900
2017-03-29,234.99,235.81,-5,1.0,1.0,61950400
2017-03-30,235.47,236.52,-5,1.0,1.0,56737900
2017-03-31,235.9,236.51,-5,1.0,1.0,73733100
2017-04-03,235.8,236.03,-5,1.0,1.0,85546500
2017-04-04,235.0,235.58,-5,1.0,1.0,56466200
2017-04-05,236.26,237.39,-5,1.0,1.0,108800600
2017-04-06,234.94,236.04,-5,1.0,1.0,69135800
2017-04-07,235.15,236.0,-5,1.0,1.0,74412300
2017-04-10,235.36,236.26,-5,1.0,1.0,67615300
2017-04-11,234.9,235.18,-5,1.0,1.0,88045300
2017-04-12,234.74,234.96,-5,1.0,1.0,81864400
2017-04-13,233.64,234.49,-5,1.0,1.0,92880400
2017-04-17,233.11,234.57,-5,1.0,1.0,68405400
2017-04-18,233.72,234.49,-5,1.0,1.0,83225800
2017-04-19,234.52,234.95,-5,1.0,1.0,68699900
2017-04-20,234.15,235.85,-5,1.0,1.0,92572200
2017-04-21,235.25,235.31,-5,1.0,1.0,110389800
2017-04-24,237.18,237.41,-5,-1.0,-1.0,119209900
2017-04-25,237.91,238.95,-5,-1.0,-1.0,76698300
2017-04-26,238.51,239.53,-5,-1.0,-1.0,84702500
2017-04-27,238.77,238.95,-5,1.0,1.0,57410300
2017-04-28,238.9,238.93,-5,1.0,1.0,63532800
2017-05-01,238.68,239.17,-5,1.0,1.0,66882500
2017-05-02,238.84,238.98,-5,1.0,1.0,57375700
2017-05-03,238.77,238.88,-5,1.0,1.0,73137700
2017-05-04,238.83,238.92,-5,1.0,1.0,61462700
2017-05-05,239.19,239.72,-5,1.0,1.0,62001300
2017-05-08,239.75,239.92,-5,1.0,1.0,48385700
2017-05-09,239.96,240.19,-5,1.0,1.0,51363200
2017-05-10,239.39,239.87,-5,1.0,1.0,54293800
2017-05-11,239.35,239.57,-5,1.0,1.0,62358300
2017-05-12,239.09,239.43,-5,1.0,1.0,53912700
2017-05-15,239.47,240.44,-5,1.0,1.0,61918900
2017-05-16,240.64,240.67,-5,1.0,1.0,51241800
2017-05-17,240.08,240.08,-5,1.0,1.0,172174100
2017-05-18,235.73,237.75,-5,1.0,1.0,107047700
2017-05-19,237.33,239.08,-5,1.0,1.0,115011400
2017-05-22,238.9,239.71,-5,1.0,1.0,61010600
2017-05-23,239.95,240.24,-5,1.0,1.0,48341700
2017-05-24,240.32,240.73,-5,-1.0,-1.0,46927700
2017-05-25,241.2,242.08,-5,-1.0,-1.0,64071700
2017-05-26,241.54,241.9,-5,1.0,1.0,46629900
2017-05-30,241.34,241.79,-5,1.0,1.0,35201900
2017-05-31,241.84,241.88,-5,1.0,1.0,91796000
2017-06-01,241.97,243.38,-5,1.0,1.0,68962000
2017-06-02,243.42,244.35,-5,1.0,1.0,88666100
2017-06-05,243.97,244.3,-5,1.0,1.0,44698800
2017-06-06,243.34,243.98,-5,1.0,1.0,50375400
2017-06-07,243.6,243.92,-5,1.0,1.0,54144300
2017-06-08,243.77,244.33,-5,1.0,1.0,65950700
2017-06-09,244.09,245.01,-5,1.0,1.0,132256400
2017-06-12,243.13,243.42,-5,1.0,1.0,86108100
2017-06-13,243.98,244.61,-5,1.0,1.0,60067000
2017-06-14,244.86,244.87,-5,1.0,1.0,78602300
2017-06-15,242.68,243.91,-5,1.0,1.0,66464900
2017-06-16,242.77,242.83,-5,1.0,1.0,84553100
2017-06-19,243.59,244.73,-5,1.0,1.0,65123800
2017-06-20,244.25,244.26,-5,1.0,1.0,56906400
2017-06-21,243.46,243.59,-5,1.0,1.0,55977600
2017-06-22,242.96,243.53,-5,1.0,1.0,44148100
2017-06-23,242.91,243.51,-5,1.0,1.0,66986800
2017-06-26,243.9,244.38,-5,1.0,1.0,56700500
2017-06-27,243.04,243.38,-5,1.0,1.0,82247700
2017-06-28,242.5,243.72,-5,1.0,1.0,70042600
2017-06-29,243.66,243.72,-5,1.0,1.0,106949700
2017-06-30,242.28,242.71,-5,1.0,1.0,86820700
2017-07-03,242.88,243.38,-5,1.0,1.0,39153800
2017-07-05,242.63,243.01,-5,1.0,1.0,54427600
2017-07-06,241.89,242.03,-5,1.0,1.0,65400800
2017-07-07,241.21,242.28,-5,1.0,1.0,57972300
2017-07-10,242.11,242.8,-5,1.0,1.0,36663300
2017-07-11,242.37,242.55,-5,1.0,1.0,50354600
2017-07-12,243.3,244.2,-5,1.0,1.0,59610400
2017-07-13,244.02,244.55,-5,1.0,1.0,39471600
2017-07-14,244.42,245.97,-5,1.0,1.0,60262700
2017-07-17,245.47,245.91,-5,1.0,1.0,33531900
2017-07-18,245.06,245.72,-5,1.0,1.0,42742500
2017-07-19,246.02,247.0,-5,1.0,1.0,51034300
2017-07-20,247.28,247.42,-5,1.0,1.0,47135200
2017-07-21,246.44,246.91,-5,1.0,1.0,82340800
2017-07-24,246.79,246.98,-5,1.0,1.0,46622300
2017-07-25,247.68,247.8,-5,1.0,1.0,54915600
2017-07-26,247.75,247.79,-5,-1.0,-1.0,47575400
2017-07-27,247.96,248.0,-5,1.0,1.0,70766600
2017-07-28,246.65,247.06,-5,1.0,1.0,50088400
2017-07-31,247.37,247.48,-5,1.0,1.0,65838700
2017-08-01,247.46,247.5,-5,1.0,1.0,55050400
2017-08-02,247.47,247.6,-5,1.0,1.0,47211200
2017-08-03,247.31,247.34,-5,1.0,1.0,40856000
2017-08-04,247.52,247.79,-5,1.0,1.0,60191800
2017-08-07,247.49,247.87,-5,1.0,1.0,31995000
2017-08-08,247.51,248.91,-5,1.0,1.0,61719400
2017-08-09,246.47,247.31,-5,1.0,1.0,62632600
2017-08-10,246.29,246.44,-5,1.0,1.0,120479500
2017-08-11,244.02,244.8,-5,1.0,1.0,74869900
2017-08-14,245.59,246.79,-5,1.0,1.0,73291900
2017-08-15,246.98,247.0,-5,1.0,1.0,55242700
2017-08-16,247.11,247.57,-5,1.0,1.0,56715500
2017-08-17,246.24,246.6,-5,1.0,1.0,128490400
2017-08-18,242.9,244.19,-5,1.0,1.0,136748000
2017-08-21,242.64,243.2,-5,1.0,1.0,65469700
2017-08-22,243.57,245.62,-5,1.0,1.0,63140100
2017-08-23,244.33,245.05,-5,1.0,1.0,50203800
2017-08-24,245.0,245.18,-5,1.0,1.0,50741700
2017-08-25,244.9,245.61,-5,1.0,1.0,64445900
2017-08-28,245.17,245.2,-5,1.0,1.0,40565600
2017-08-29,243.06,245.15,-5,1.0,1.0,51135700
2017-08-30,244.83,246.32,-5,1.0,1.0,62030800
2017-08-31,246.72,247.77,-5,1.0,1.0,103803900
2017-09-01,247.92,248.33,-5,1.0,1.0,62007000
2017-09-05,247.26,247.52,-5,1.0,1.0,91398800
2017-09-06,246.84,247.28,-5,1.0,1.0,57916900
2017-09-07,247.25,247.27,-5,1.0,1.0,58034700
2017-09-08,246.54,247.11,-5,1.0,1.0,63832800
2017-09-11,248.04,249.3,-5,1.0,1.0,71364800
2017-09-12,249.63,250.09,-5,1.0,1.0,56896000
2017-09-13,249.72,250.21,-5,-1.0,-1.0,59228000
2017-09-14,249.8,250.32,-5,1.0,1.0,95446300
2017-09-15,248.69,249.29,-5,1.0,1.0,95432400
2017-09-18,249.61,250.12,-5,1.0,1.0,46235200
2017-09-19,250.0,250.07,-5,1.0,1.0,47108100
2017-09-20,250.07,250.19,-5,1.0,1.0,59574100
2017-09-21,249.88,249.98,-5,1.0,1.0,48211400
2017-09-22,249.05,249.63,-5,1.0,1.0,51214000
2017-09-25,249.15,249.55,-5,1.0,1.0,57064400
2017-09-26,249.42,249.7,-5,1.0,1.0,54082000
2017-09-27,249.88,250.49,-5,1.0,1.0,81001400
2017-09-28,249.73,250.44,-5,1.0,1.0,44778800
2017-09-29,250.34,251.32,-5,1.0,1.0,85578000
2017-10-02,251.49,252.32,-5,1.0,1.0,59023000
2017-10-03,252.32,252.89,-5,1.0,1.0,66810200
2017-10-04,252.69,253.44,-5,1.0,1.0,55953600
2017-10-05,253.54,254.68,-5,1.0,1.0,63522800
2017-10-06,254.15,254.7,-5,1.0,1.0,80646000
2017-10-09,254.63,254.7,-5,1.0,1.0,35803100
2017-10-10,254.6,255.05,-5,1.0,1.0,43057400
2017-10-11,254.51,255.02,-5,1.0,1.0,47674300
2017-10-12,254.66,255.06,-5,1.0,1.0,47065100
2017-10-13,255.14,255.27,-5,1.0,1.0,54800400
2017-10-16,255.21,255.51,-5,1.0,1.0,38221700
2017-10-17,255.23,255.52,-5,1.0,1.0,31561000
2017-10-18,255.9,255.95,-5,1.0,1.0,40888300
2017-10-19,254.83,255.83,-5,1.0,1.0,61903800
2017-10-20,256.7,257.14,-5,1.0,1.0,89176400
2017-10-23,257.48,257.51,-5,1.0,1.0,63915300
2017-10-24,256.6,256.83,-5,1.0,1.0,66935900
2017-10-25,256.18,256.31,-5,1.0,1.0,103715300
2017-10-26,255.99,256.3,-5,1.0,1.0,69798000
2017-10-27,256.47,257.89,-5,1.0,1.0,85562500
2017-10-30,256.47,257.6,-5,1.0,1.0,54285700
2017-10-31,257.18,257.44,-5,1.0,1.0,60304800
2017-11-01,258.04,258.43,-5,1.0,1.0,54202700
2017-11-02,257.41,257.75,-5,1.0,1.0,56449500
2017-11-03,257.77,258.5,-5,1.0,1.0,59589700
2017-11-06,258.3,259.0,-5,1.0,1.0,49652600
2017-11-07,258.97,259.35,-5,1.0,1.0,57502200
2017-11-08,258.47,259.22,-5,1.0,1.0,50469600
2017-11-09,257.73,258.39,-5,1.0,1.0,95085500
2017-11-10,257.73,258.29,-5,1.0,1.0,59984700
2017-11-13,257.31,258.59,-5,1.0,1.0,50228600
2017-11-14,257.41,257.85,-5,1.0,1.0,61315200
2017-11-15,256.62,257.22,-5,1.0,1.0,80811500
2017-11-16,257.52,259.04,-5,1.0,1.0,67777000
2017-11-17,258.22,258.59,-5,1.0,1.0,75756800
2017-11-20,258.14,258.52,-5,1.0,1.0,48075500
2017-11-21,259.18,260.2,-5,1.0,1.0,69176800
2017-11-22,260.0,260.15,-5,1.0,1.0,45033400
2017-11-24,260.32,260.48,-5,1.0,1.0,27856500
2017-11-27,260.41,260.75,-5,1.0,1.0,52274900
2017-11-28,260.76,262.9,-5,1.0,1.0,98971700
2017-11-29,263.02,263.63,-5,1.0,1.0,77512100
2017-11-30,263.76,266.05,-5,1.0,1.0,127894400
2017-12-01,264.76,265.31,-5,1.0,1.0,164390900
2017-12-04,266.31,266.8,-5,1.0,1.0,94040600
2017-12-05,263.19,265.15,-5,1.0,1.0,77994500
2017-12-06,263.3,263.73,-5,1.0,1.0,75898600
2017-12-07,264.07,264.43,-5,1.0,1.0,77218600
2017-12-08,265.16,265.52,-5,1.0,1.0,76563900
2017-12-11,266.31,266.38,-5,1.0,1.0,83077500
2017-12-12,267.21,267.32,-5,1.0,1.0,85195800
2017-12-13,267.06,267.56,-5,1.0,1.0,102905400
2017-12-14,267.09,267.22,-5,1.0,1.0,100666700
2017-12-15,265.45,267.04,-5,1.0,1.0,144610300
2017-12-18,268.1,268.6,-5,1.0,1.0,83653600
2017-12-19,268.48,268.53,-5,1.0,1.0,82382900
2017-12-20,268.27,268.33,-5,1.0,1.0,76751500
2017-12-21,267.74,268.39,-5,1.0,1.0,67032300
2017-12-22,267.6,267.64,-5,1.0,1.0,78720900
2017-12-26,267.05,267.44,-5,1.0,1.0,45244400
2017-12-27,267.38,267.73,-5,1.0,1.0,57751000
2017-12-28,267.89,267.92,-5,1.0,1.0,45116100
2017-12-29,268.53,268.55,-5,1.0,1.0,96007400
2018-01-02,267.84,268.81,-5,1.0,1.0,86655700
2018-01-03,268.96,270.64,-5,1.0,1.0,90070400
2018-01-04,271.2,272.16,-5,1.0,1.0,80636400
2018-01-05,272.51,273.56,-5,1.0,1.0,83524000
2018-01-08,273.31,274.1,-5,1.0,1.0,57319200
2018-01-09,274.4,275.25,-5,1.0,1.0,57254000
2018-01-10,273.68,274.42,-5,1.0,1.0,69574300
2018-01-11,274.75,276.12,-5,1.0,1.0,62361500
2018-01-12,276.42,278.11,-5,1.0,1.0,90816100
2018-01-16,279.35,280.09,-5,1.0,1.0,106555100
2018-01-17,278.03,280.05,-5,1.0,1.0,113258800
2018-01-18,279.48,279.96,-5,1.0,1.0,100728000
2018-01-19,279.8,280.41,-5,1.0,1.0,140920100
2018-01-22,280.17,282.69,-5,1.0,1.0,91322400
2018-01-23,282.74,283.62,-5,1.0,1.0,97084700
2018-01-24,284.02,284.7,-5,1.0,1.0,134816100
2018-01-25,284.16,284.27,-5,1.0,1.0,84587300
2018-01-26,284.25,286.63,-5,1.0,1.0,107743100
2018-01-29,285.93,286.43,-5,1.0,1.0,90118300
2018-01-30,282.6,284.74,-5,1.0,1.0,131796400
2018-01-31,282.73,283.3,-5,1.0,1.0,108364800
2018-02-01,281.07,283.06,-5,1.0,1.0,90102500
2018-02-02,280.08,280.23,-5,1.0,1.0,173174800
2018-02-05,273.45,275.85,-5,1.0,1.0,294681800
2018-02-06,259.94,269.7,-5,1.0,1.0,355026800
2018-02-07,268.5,272.36,-5,1.0,1.0,167376100
2018-02-08,268.01,268.17,-5,1.0,1.0,246449500
2018-02-09,260.8,263.61,-5,1.0,1.0,283565300
2018-02-12,263.83,267.01,-5,1.0,1.0,143736000
2018-02-13,263.97,266.62,-5,1.0,1.0,81223600
2018-02-14,264.31,270.0,-5,1.0,1.0,120735700
2018-02-15,271.57,273.04,-5,1.0,1.0,111200300
2018-02-16,272.32,275.32,-5,1.0,1.0,160420100
2018-02-20,272.03,273.67,-5,1.0,1.0,86369700
2018-02-21,271.9,274.72,-5,1.0,1.0,98883700
2018-02-22,271.1,273.05,-5,1.0,1.0,110511300
2018-02-23,271.79,274.71,-5,1.0,1.0,92766400
2018-02-26,275.93,278.01,-5,1.0,1.0,86491400
2018-02-27,278.11,278.92,-5,1.0,1.0,99099200
2018-02-28,275.68,276.19,-5,1.0,1.0,121907800
2018-03-01,271.41,273.17,-5,1.0,1.0,176855100
2018-03-02,265.8,269.72,-5,1.0,1.0,139083200
2018-03-05,267.73,272.89,-5,1.0,1.0,97307400
2018-03-06,273.3,273.39,-5,1.0,1.0,79213200
2018-03-07,270.42,273.18,-5,1.0,1.0,87063500
2018-03-08,273.55,274.24,-5,1.0,1.0,66901200
2018-03-09,275.7,278.87,-5,1.0,1.0,113625300
2018-03-12,279.2,279.91,-5,1.0,1.0,71924800
2018-03-13,279.84,280.41,-5,1.0,1.0,91968900
2018-03-14,277.81,278.02,-5,1.0,1.0,105895100
2018-03-15,275.88,276.61,-5,1.0,1.0,83433000
2018-03-16,274.5,275.39,-5,1.0,1.0,100343700
2018-03-19,273.35,274.4,-5,1.0,1.0,109208400
2018-03-20,270.94,271.67,-5,1.0,1.0,59757300
2018-03-21,270.9,273.27,-5,1.0,1.0,78709600
2018-03-22,267.91,268.87,-5,1.0,1.0,148785900
2018-03-23,264.17,264.54,-5,1.0,1.0,183534800
2018-03-26,262.13,265.43,-5,1.0,1.0,141956100
2018-03-27,266.17,266.77,-5,1.0,1.0,129941400
2018-03-28,260.75,262.64,-5,1.0,1.0,146452300
2018-03-29,261.12,265.26,-5,1.0,1.0,111601600
2018-04-02,262.55,263.13,-5,1.0,1.0,186286300
2018-04-03,258.87,261.31,-5,1.0,1.0,119956900
2018-04-04,256.75,264.36,-5,1.0,1.0,123715300
2018-04-05,265.55,266.64,-5,1.0,1.0,82652600
2018-04-06,263.42,265.11,-5,1.0,1.0,179521200
2018-04-09,261.37,264.84,-5,1.0,1.0,105442900
2018-04-10,264.27,266.04,-5,1.0,1.0,103529000
2018-04-11,263.47,265.64,-5,1.0,1.0,91140200
2018-04-12,265.26,267.0,-5,1.0,1.0,68890500
2018-04-13,267.41,267.54,-5,1.0,1.0,85079200
2018-04-16,267.0,268.2,-5,1.0,1.0,63405300
2018-04-17,269.33,270.87,-5,1.0,1.0,64682000
2018-04-18,270.69,271.3,-5,1.0,1.0,57303900
2018-04-19,269.65,269.88,-5,1.0,1.0,77655900
2018-04-20,268.81,269.06,-5,1.0,1.0,99953100
2018-04-23,267.26,267.89,-5,1.0,1.0,65558000
2018-04-24,267.73,267.98,-5,1.0,1.0,112885500
2018-04-25,262.91,264.13,-5,1.0,1.0,103840900
2018-04-26,264.79,267.25,-5,1.0,1.0,67731900
2018-04-27,267.0,267.34,-5,1.0,1.0,57053600
2018-04-30,267.26,267.89,-5,1.0,1.0,82182300
2018-05-01,263.87,265.1,-5,1.0,1.0,74203400
2018-05-02,264.76,265.68,-5,1.0,1.0,86368900
2018-05-03,262.26,263.36,-5,1.0,1.0,136311500
2018-05-04,261.52,266.79,-5,1.0,1.0,91222100
2018-05-07,266.89,268.02,-5,1.0,1.0,55304900
2018-05-08,266.5,267.33,-5,1.0,1.0,67499200
2018-05-09,267.68,269.87,-5,1.0,1.0,59666100
2018-05-10,270.34,272.39,-5,1.0,1.0,72063900
2018-05-11,272.16,273.15,-5,1.0,1.0,59871500
2018-05-14,273.34,274.08,-5,1.0,1.0,54790600
2018-05-15,271.59,271.61,-5,1.0,1.0,87036100
2018-05-16,271.14,272.76,-5,1.0,1.0,53942600
2018-05-17,271.94,273.23,-5,1.0,1.0,56536400
2018-05-18,271.62,272.03,-5,1.0,1.0,64368000
2018-05-21,273.01,273.98,-5,1.0,1.0,58025900
2018-05-22,273.96,274.25,-5,1.0,1.0,52966400
2018-05-23,271.17,273.39,-5,1.0,1.0,64694200
2018-05-24,272.91,273.22,-5,1.0,1.0,76043800
2018-05-25,272.15,272.86,-5,1.0,1.0,56374800
2018-05-29,270.31,271.17,-5,1.0,1.0,115908600
2018-05-30,270.5,273.11,-5,1.0,1.0,69678400
2018-05-31,272.15,272.49,-5,1.0,1.0,93519900
2018-06-01,272.41,273.94,-5,1.0,1.0,71258400
2018-06-04,274.53,275.19,-5,1.0,1.0,45385200
2018-06-05,275.05,275.53,-5,1.0,1.0,51135000
2018-06-06,275.79,277.52,-5,1.0,1.0,62732200
2018-06-07,277.95,278.28,-5,1.0,1.0,72969400
2018-06-08,276.85,278.25,-5,1.0,1.0,72139700
2018-06-11,278.44,279.37,-5,1.0,1.0,58892500
2018-06-12,279.03,279.33,-5,1.0,1.0,72329000
2018-06-13,279.19,279.48,-5,1.0,1.0,79070600
2018-06-14,279.01,279.33,-5,1.0,1.0,77097600
2018-06-15,276.6,277.51,-5,1.0,1.0,120041600
2018-06-18,275.49,276.7,-5,1.0,1.0,52917600
2018-06-19,274.0,275.75,-5,1.0,1.0,97531500
2018-06-20,276.27,276.72,-5,1.0,1.0,53785500
2018-06-21,275.96,275.98,-5,1.0,1.0,71061400
2018-06-22,275.66,275.79,-5,1.0,1.0,54898500
2018-06-25,273.44,273.62,-5,1.0,1.0,137854200
2018-06-26,271.64,272.56,-5,1.0,1.0,68547400
2018-06-27,272.26,273.87,-5,1.0,1.0,105110700
2018-06-28,269.29,271.75,-5,1.0,1.0,76650500
2018-06-29,272.12,273.66,-5,1.0,1.0,97592500
2018-07-02,269.51,272.04,-5,1.0,1.0,63554800
2018-07-03,272.87,272.98,-5,1.0,1.0,42187100
2018-07-05,272.17,273.18,-5,1.0,1.0,56925900
2018-07-06,273.14,275.84,-5,1.0,1.0,66493700
2018-07-09,276.55,277.96,-5,1.0,1.0,50550400
2018-07-10,278.41,279.01,-5,1.0,1.0,51966800
2018-07-11,277.15,278.04,-5,1.0,1.0,77054700
2018-07-12,278.28,279.43,-5,1.0,1.0,60124700
2018-07-13,279.17,279.93,-5,1.0,1.0,48216000
2018-07-16,279.64,279.8,-5,1.0,1.0,48201000
2018-07-17,278.47,280.91,-5,1.0,1.0,52315500
2018-07-18,280.56,281.18,-5,1.0,1.0,44593500
2018-07-19,280.31,280.74,-5,1.0,1.0,61412100
2018-07-20,279.77,280.48,-5,1.0,1.0,82337700
2018-07-23,279.45,280.43,-5,1.0,1.0,47047600
2018-07-24,281.79,282.56,-5,1.0,1.0,68026900
2018-07-25,281.33,284.37,-5,1.0,1.0,78882900
2018-07-26,283.2,284.11,-5,1.0,1.0,57919500
2018-07-27,283.71,283.82,-5,1.0,1.0,76768700
2018-07-30,281.51,281.69,-5,1.0,1.0,63742500
2018-07-31,280.81,282.02,-5,1.0,1.0,68570500
2018-08-01,281.56,282.13,-5,1.0,1.0,53853300
2018-08-02,279.39,282.58,-5,1.0,1.0,63426400
2018-08-03,282.53,283.66,-5,1.0,1.0,53935400
2018-08-06,283.64,284.99,-5,1.0,1.0,39400900
2018-08-07,285.39,286.01,-5,1.0,1.0,43196600
2018-08-08,285.39,285.91,-5,1.0,1.0,42114600
2018-08-09,285.53,285.97,-5,1.0,1.0,35717000
2018-08-10,283.45,284.06,-5,1.0,1.0,77076000
2018-08-13,283.47,284.16,-5,1.0,1.0,65732900
2018-08-14,282.92,284.17,-5,1.0,1.0,43842000
2018-08-15,282.38,282.54,-5,1.0,1.0,102925400
2018-08-16,283.4,285.04,-5,1.0,1.0,69967900
2018-08-17,283.83,285.56,-5,1.0,1.0,65618500
2018-08-20,285.57,285.97,-5,-1.0,-1.0,39807500
2018-08-21,286.25,287.31,-5,1.0,1.0,67272000
2018-08-22,285.88,286.76,-5,-1.0,-1.0,44993300
2018-08-23,285.97,286.94,-5,-1.0,-1.0,49204900
2018-08-24,286.44,287.67,-5,-1.0,-1.0,57487400
2018-08-27,288.86,289.9,-5,1.0,1.0,57072400
2018-08-28,290.3,290.42,-5,1.0,1.0,46943500
2018-08-29,290.16,291.74,-5,1.0,1.0,61485500
2018-08-30,290.94,291.36,-5,1.0,1.0,61229500
2018-08-31,289.84,290.81,-5,-1.0,-1.0,66140800
2018-09-04,289.84,290.21,-5,1.0,1.0,57594400
2018-09-05,289.41,289.64,-5,1.0,1.0,72452400
2018-09-06,289.15,289.49,-5,1.0,1.0,65909900
2018-09-07,286.98,288.7,-5,1.0,1.0,73524800
2018-09-10,288.74,289.04,-5,1.0,1.0,50210900
2018-09-11,287.37,289.55,-5,1.0,1.0,50530500
2018-09-12,289.06,289.8,-5,1.0,1.0,59810800
2018-09-13,290.32,291.04,-5,1.0,1.0,51034200
2018-09-14,291.06,291.27,-5,1.0,1.0,55079900
2018-09-17,290.82,290.86,-5,1.0,1.0,68244000
2018-09-18,289.58,291.58,-5,1.0,1.0,61930400
2018-09-19,290.97,291.69,-5,1.0,1.0,49080600
2018-09-20,292.64,293.94,-5,1.0,1.0,100360600
2018-09-21,293.09,293.22,-5,1.0,1.0,105479700
2018-09-24,291.34,291.5,-5,1.0,1.0,53409600
2018-09-25,291.53,291.65,-5,1.0,1.0,44370000
2018-09-26,290.91,292.24,-5,1.0,1.0,79739700
2018-09-27,290.41,291.91,-5,1.0,1.0,59249500
2018-09-28,289.99,291.28,-5,1.0,1.0,70091400
2018-10-01,292.11,292.93,-5,1.0,1.0,62078900
2018-10-02,291.56,292.36,-5,1.0,1.0,47258200
2018-10-03,292.74,293.21,-5,1.0,1.0,64694600
2018-10-04,291.18,291.24,-5,1.0,1.0,111545900
2018-10-05,289.69,290.27,-5,1.0,1.0,105951700
2018-10-08,287.05,288.22,-5,1.0,1.0,87742200
2018-10-09,287.39,288.86,-5,1.0,1.0,74339000
2018-10-10,286.83,286.91,-5,1.0,1.0,214731000
2018-10-11,277.08,278.9,-5,1.0,1.0,274840500
2018-10-12,276.77,277.09,-5,1.0,1.0,183186500
2018-10-15,275.55,277.04,-5,1.0,1.0,102263700
2018-10-16,276.6,280.82,-5,1.0,1.0,118255800
2018-10-17,280.44,281.15,-5,-1.0,-1.0,110626000
2018-10-18,279.4,280.07,-5,-1.0,-1.0,134557500
2018-10-19,277.13,279.3,-5,1.0,1.0,139901600
2018-10-22,277.0,277.36,-5,1.0,1.0,82415800
2018-10-23,270.95,274.87,-5,1.0,1.0,146352700
2018-10-24,273.33,273.76,-5,1.0,1.0,177806700
2018-10-25,267.38,271.81,-5,1.0,1.0,138061500
2018-10-26,265.92,271.0,-5,-1.0,-1.0,201574600
2018-10-29,268.8,270.25,-5,-1.0,-1.0,160749100
2018-10-30,263.67,268.12,-5,1.0,1.0,157116000
2018-10-31,270.65,273.23,-5,1.0,1.0,128296300
2018-11-01,271.6,273.73,-5,-1.0,-1.0,99495000
2018-11-02,274.75,275.23,-5,1.0,1.0,122634100
2018-11-05,272.44,274.01,-5,1.0,1.0,65622500
2018-11-06,273.32,275.3,-5,1.0,1.0,60085900
2018-11-07,277.56,281.1,-5,1.0,1.0,102752100
2018-11-08,280.11,281.22,-5,1.0,1.0,65584900
2018-11-09,279.03,279.24,-5,-1.0,-1.0,98812600
2018-11-12,277.19,277.46,-5,-1.0,-1.0,99673600
2018-11-13,273.09,275.33,-5,1.0,1.0,98176600
2018-11-14,274.16,274.61,-5,1.0,1.0,125335900
2018-11-15,268.78,273.54,-5,1.0,1.0,135101400
2018-11-16,271.79,274.75,-5,-1.0,-1.0,126668000
2018-11-19,273.05,273.38,-5,-1.0,-1.0,103061700
2018-11-20,265.36,267.0,-5,1.0,1.0,136021300
2018-11-21,265.86,267.15,-5,1.0,1.0,75563700
2018-11-23,263.18,264.82,-5,1.0,1.0,42807900
2018-11-26,265.78,267.75,-5,-1.0,-1.0,79981400
2018-11-27,266.34,268.4,-5,-1.0,-1.0,75502400
2018-11-28,269.6,274.58,-5,-1.0,-1.0,127629600
2018-11-29,273.71,275.55,-5,-1.0,-1.0,82346400
2018-11-30,273.81,276.28,-5,1.0,1.0,98204200
2018-12-03,280.28,280.4,-5,1.0,1.0,103176300
2018-12-04,278.37,278.85,-5,1.0,1.0,177986000
2018-12-06,265.92,269.97,-5,1.0,1.0,204185400
2018-12-07,269.46,271.22,-5,1.0,1.0,161018900
2018-12-10,263.37,265.16,-5,1.0,1.0,151445900
2018-12-11,267.66,267.87,-5,1.0,1.0,121504400
2018-12-12,267.47,269.0,-5,1.0,1.0,97976700
2018-12-13,266.52,267.49,-5,1.0,1.0,96662700
2018-12-14,262.96,264.03,-5,1.0,1.0,116961100
2018-12-17,259.4,260.65,-5,1.0,1.0,165492300
2018-12-18,257.2,257.95,-5,1.0,1.0,134515100
2018-12-19,255.17,259.4,-5,1.0,1.0,214992800
2018-12-20,249.86,251.62,-5,1.0,1.0,252053400
2018-12-21,246.74,249.71,-5,1.0,1.0,255345600
2018-12-24,239.04,240.84,-5,1.0,1.0,147311600
2018-12-26,235.97,246.18,-5,1.0,1.0,218485400
2018-12-27,242.57,248.29,-5,1.0,1.0,186267300
2018-12-28,249.58,251.4,-5,1.0,1.0,153100200
2018-12-31,249.56,250.19,-5,1.0,1.0,144299400
2019-01-02,245.98,251.21,-5,1.0,1.0,126925200
2019-01-03,248.23,248.57,-5,1.0,1.0,144140700
2019-01-04,247.59,253.11,-5,1.0,1.0,142628800
2019-01-07,252.69,255.95,-5,1.0,1.0,103139100
2019-01-08,256.82,257.31,-5,1.0,1.0,102512600
2019-01-09,257.56,258.91,-5,1.0,1.0,95006600
2019-01-10,256.26,259.16,-5,1.0,1.0,96823900
2019-01-11,257.68,259.01,-5,1.0,1.0,73858100
2019-01-14,256.86,258.3,-5,1.0,1.0,70908200
2019-01-15,257.82,260.7,-5,1.0,1.0,85208300
2019-01-16,260.83,261.97,-5,1.0,1.0,77636700
2019-01-17,260.01,263.92,-5,1.0,1.0,96118400
2019-01-18,264.98,266.98,-5,1.0,1.0,127900300
2019-01-22,264.82,265.06,-5,1.0,1.0,115531200
2019-01-23,264.01,264.79,-5,1.0,1.0,86030300
2019-01-24,263.21,264.2,-5,1.0,1.0,59204100
2019-01-25,265.61,266.7,-5,1.0,1.0,96883400
2019-01-28,263.39,263.83,-5,1.0,1.0,85613700
2019-01-29,263.92,264.55,-5,1.0,1.0,66136300
2019-01-30,265.1,268.52,-5,1.0,1.0,92473700
2019-01-31,267.51,270.47,-5,1.0,1.0,104012100
2019-02-01,270.15,271.2,-5,1.0,1.0,85782500
2019-02-04,270.11,272.03,-5,1.0,1.0,60744800
2019-02-05,272.44,273.44,-5,1.0,1.0,79552800
2019-02-06,272.79,273.34,-5,1.0,1.0,58347800
2019-02-07,270.94,271.55,-5,1.0,1.0,95482000
2019-02-08,268.75,270.58,-5,1.0,1.0,75788900
2019-02-11,271.2,271.49,-5,1.0,1.0,68021400
2019-02-12,272.42,274.52,-5,1.0,1.0,72270200
2019-02-13,275.03,275.93,-5,1.0,1.0,65277200
2019-02-14,273.78,275.64,-5,1.0,1.0,83234400
2019-02-15,276.36,277.41,-5,1.0,1.0,97088700
2019-02-19,276.48,278.58,-5,1.0,1.0,59120800
2019-02-20,277.81,278.92,-5,1.0,1.0,76610800
2019-02-21,277.7,278.1,-5,1.0,1.0,64214700
2019-02-22,278.11,279.36,-5,1.0,1.0,78114600
2019-02-25,280.73,281.31,-5,1.0,1.0,69030700
2019-02-26,279.13,280.3,-5,1.0,1.0,56844100
2019-02-27,278.52,279.59,-5,1.0,1.0,56921600
2019-02-28,278.96,279.45,-5,1.0,1.0,69268300
2019-03-01,280.44,280.88,-5,1.0,1.0,78880500
2019-03-04,281.6,281.87,-5,1.0,1.0,106494600
2019-03-05,279.54,279.76,-5,1.0,1.0,59114600
2019-03-06,279.15,279.16,-5,1.0,1.0,75039800
2019-03-07,276.83,276.99,-5,1.0,1.0,94885100
2019-03-08,272.94,274.65,-5,1.0,1.0,85795800
2019-03-11,275.26,278.62,-5,1.0,1.0,65098900
2019-03-12,279.06,280.07,-5,1.0,1.0,79667500
2019-03-13,280.48,282.38,-5,1.0,1.0,80639200
2019-03-14,281.37,281.84,-5,1.0,1.0,67518400
2019-03-15,280.54,282.21,-5,1.0,1.0,81309000
2019-03-18,281.55,282.66,-5,1.0,1.0,62199800
2019-03-19,283.51,284.36,-5,1.0,1.0,90268100
2019-03-20,282.16,283.5,-5,1.0,1.0,84609200
2019-03-21,280.64,285.18,-5,1.0,1.0,79550400
2019-03-22,283.22,283.8,-5,1.0,1.0,122659300
2019-03-25,278.87,280.19,-5,1.0,1.0,85575200
2019-03-26,280.99,282.18,-5,1.0,1.0,68125900
2019-03-27,281.11,281.76,-5,1.0,1.0,72224700
2019-03-28,280.35,281.21,-5,1.0,1.0,56238500
2019-03-29,282.39,282.84,-5,1.0,1.0,82186800
2019-04-01,284.7,286.16,-5,1.0,1.0,77617900
2019-04-02,286.04,286.23,-5,1.0,1.0,40070400
2019-04-03,287.32,287.76,-5,1.0,1.0,68243200
2019-04-04,286.78,287.46,-5,1.0,1.0,48997500
2019-04-05,287.92,288.63,-5,1.0,1.0,58621700
2019-04-08,288.1,288.91,-5,1.0,1.0,53566300
2019-04-09,287.72,288.08,-5,1.0,1.0,66142300
2019-04-10,287.77,288.39,-5,1.0,1.0,52601500
2019-04-11,288.83,288.84,-5,1.0,1.0,55093100
2019-04-12,290.0,290.47,-5,1.0,1.0,69727800
2019-04-15,290.24,290.35,-5,1.0,1.0,49596700
2019-04-16,290.95,291.01,-5,1.0,1.0,52153200
2019-04-17,291.4,291.43,-5,1.0,1.0,58268300
2019-04-18,290.1,290.32,-5,1.0,1.0,68708500
2019-04-22,289.17,290.44,-5,1.0,1.0,40160100
2019-04-23,290.68,293.14,-5,1.0,1.0,52246600
2019-04-24,292.79,293.16,-5,1.0,1.0,50392900
2019-04-25,292.12,292.78,-5,1.0,1.0,57770900
2019-04-26,292.1,293.49,-5,1.0,1.0,50916400
2019-04-29,293.51,294.45,-5,1.0,1.0,57197700
2019-04-30,293.49,294.34,-5,1.0,1.0,81111700
2019-05-01,294.72,294.95,-5,1.0,1.0,71671900
2019-05-02,291.68,292.7,-5,1.0,1.0,65030200
2019-05-03,292.82,294.34,-5,1.0,1.0,56543700
2019-05-06,289.25,293.31,-5,1.0,1.0,107198100
2019-05-07,290.15,290.81,-5,1.0,1.0,144729900
2019-05-08,287.53,289.43,-5,1.0,1.0,91568300
2019-05-09,285.23,287.33,-5,1.0,1.0,103471100
2019-05-10,285.62,288.94,-5,1.0,1.0,112429300
2019-05-13,282.42,283.49,-5,1.0,1.0,127290500
2019-05-14,281.99,285.1,-5,1.0,1.0,77003200
2019-05-15,281.59,285.77,-5,1.0,1.0,73956400
2019-05-16,285.84,289.21,-5,1.0,1.0,76749600
2019-05-17,285.14,288.6,-5,1.0,1.0,100353000
2019-05-20,284.06,285.96,-5,1.0,1.0,62877600
2019-05-21,285.83,286.93,-5,1.0,1.0,46847100
2019-05-22,285.45,286.69,-5,1.0,1.0,49482500
2019-05-23,283.16,283.21,-5,1.0,1.0,98733800
2019-05-24,283.74,284.2,-5,1.0,1.0,55268100
2019-05-28,283.09,284.15,-5,1.0,1.0,70029400
2019-05-29,278.91,279.36,-5,1.0,1.0,104972900
2019-05-30,279.11,280.04,-5,1.0,1.0,62523800
2019-05-31,276.2,277.12,-5,1.0,1.0,86862800
2019-06-03,275.31,276.55,-5,1.0,1.0,96428000
2019-06-04,277.12,280.68,-5,1.0,1.0,77231900
2019-06-05,282.33,282.99,-5,1.0,1.0,71169700
2019-06-06,283.29,285.55,-5,1.0,1.0,69430400
2019-06-07,285.93,288.85,-5,1.0,1.0,74272200
2019-06-10,289.37,290.82,-5,1.0,1.0,60799100
2019-06-11,290.99,291.4,-5,1.0,1.0,58641300
2019-06-12,288.64,289.26,-5,1.0,1.0,46984700
2019-06-13,289.4,289.98,-5,1.0,1.0,48945200
2019-06-14,289.26,289.93,-5,1.0,1.0,52324700
2019-06-17,289.52,290.22,-5,1.0,1.0,39205700
2019-06-18,291.39,293.57,-5,1.0,1.0,85434800
2019-06-19,292.55,293.65,-5,1.0,1.0,78674400
2019-06-20,296.04,296.31,-5,1.0,1.0,116570000
2019-06-21,294.13,295.52,-5,1.0,1.0,83309500
2019-06-24,294.23,294.58,-5,1.0,1.0,47582700
2019-06-25,293.7,293.73,-5,1.0,1.0,82028700
2019-06-26,291.75,292.31,-5,1.0,1.0,51584900
2019-06-27,291.31,292.06,-5,1.0,1.0,40355200
2019-06-28,292.58,293.55,-5,1.0,1.0,59350900
2019-07-01,296.68,296.92,-5,1.0,1.0,79107500
2019-07-02,295.61,296.49,-5,1.0,1.0,61504500
2019-07-03,297.18,298.82,-5,1.0,1.0,40898900
2019-07-05,297.44,298.64,-5,-1.0,-1.0,51677300
2019-07-08,297.01,298.26,-5,-1.0,-1.0,45841800
2019-07-09,295.54,297.52,-5,1.0,1.0,41101300
2019-07-10,298.37,299.66,-5,1.0,1.0,58448500
2019-07-11,299.32,299.58,-5,1.0,1.0,50826100
2019-07-12,299.85,300.73,-5,1.0,1.0,40326000
2019-07-15,301.13,301.13,-5,-1.0,-1.0,33900000
2019-07-16,300.65,300.88,-5,-1.0,-1.0,36650100
2019-07-17,299.75,299.93,-5,-1.0,-1.0,36036300
2019-07-18,297.19,299.25,-5,1.0,1.0,51392600
2019-07-19,300.04,300.07,-5,1.0,1.0,58678600
2019-07-22,297.61,298.5,-5,1.0,1.0,43638100
2019-07-23,299.14,300.03,-5,-1.0,-1.0,44564500
2019-07-24,299.19,301.44,-5,-1.0,-1.0,47213200
2019-07-25,300.94,301.0,-5,-1.0,-1.0,55394100
2019-07-26,300.76,302.23,-5,-1.0,-1.0,45084100
2019-07-29,301.88,302.01,-5,-1.0,-1.0,38126500
2019-07-30,299.91,301.17,-5,-1.0,-1.0,45849000
2019-07-31,300.99,301.2,-5,1.0,1.0,104245200
2019-08-01,297.6,300.87,-5,1.0,1.0,142646600
2019-08-02,293.85,294.12,-5,1.0,1.0,116749700
2019-08-05,288.09,288.21,-5,1.0,1.0,178745400
2019-08-06,285.91,288.04,-5,1.0,1.0,120711700
2019-08-07,284.4,288.82,-5,-1.0,-1.0,140572300
2019-08-08,289.62,293.62,-5,-1.0,-1.0,87713900
2019-08-09,292.58,293.24,-5,-1.0,-1.0,93730000
2019-08-12,289.96,291.61,-5,-1.0,-1.0,62629500
2019-08-13,287.74,294.15,-5,-1.0,-1.0,94299800
2019-08-14,288.07,288.74,-5,1.0,1.0,135622100
2019-08-15,284.88,285.64,-5,1.0,1.0,99556600
2019-08-16,286.48,289.33,-5,1.0,1.0,83018300
2019-08-19,292.19,293.08,-5,1.0,1.0,53571800
2019-08-20,291.77,292.36,-5,1.0,1.0,51596400
2019-08-21,292.48,292.86,-5,-1.0,-1.0,49524700
2019-08-22,293.23,293.93,-5,-1.0,-1.0,51666400
2019-08-23,290.92,292.76,-5,1.0,1.0,149161500
2019-08-26,287.27,288.0,-5,-1.0,-1.0,72423800
2019-08-27,289.54,289.95,-5,1.0,1.0,66668900
2019-08-28,286.14,289.07,-5,1.0,1.0,59696700
2019-08-29,291.72,293.16,-5,1.0,1.0,57899400
2019-08-30,294.22,294.24,-5,1.0,1.0,62901200
2019-09-03,290.57,291.58,-5,1.0,1.0,69101400
2019-09-04,293.14,294.06,-5,1.0,1.0,46887300
2019-09-05,296.79,298.83,-5,1.0,1.0,83258100
2019-09-06,298.17,298.76,-5,1.0,1.0,49584300
2019-09-09,299.14,299.24,-5,1.0,1.0,51260300
2019-09-10,297.36,298.2,-5,1.0,1.0,57947100
2019-09-11,298.47,300.34,-5,1.0,1.0,68821100
2019-09-12,301.25,302.46,-5,1.0,1.0,72908700
2019-09-13,301.78,302.17,-5,1.0,1.0,61426700
2019-09-16,299.84,301.14,-5,1.0,1.0,58191200
2019-09-17,299.94,301.02,-5,1.0,1.0,41475500
2019-09-18,300.49,301.22,-5,1.0,1.0,73375800
2019-09-19,301.53,302.63,-5,1.0,1.0,76560500
2019-09-20,300.36,300.67,-5,1.0,1.0,89565000
2019-09-23,297.55,299.0,-5,1.0,1.0,43476800
2019-09-24,299.41,299.84,-5,1.0,1.0,94869400
2019-09-25,295.96,298.11,-5,1.0,1.0,71854000
2019-09-26,297.63,297.86,-5,1.0,1.0,56179700
2019-09-27,297.83,297.95,-5,1.0,1.0,84746600
2019-09-30,295.97,297.55,-5,1.0,1.0,51662400
2019-10-01,297.74,298.46,-5,1.0,1.0,88242400
2019-10-02,291.5,291.51,-5,1.0,1.0,122539500
2019-10-03,287.81,290.45,-5,1.0,1.0,85278800
2019-10-04,291.14,294.63,-5,1.0,1.0,65091200
2019-10-07,293.47,295.26,-5,1.0,1.0,59610500
2019-10-08,291.04,291.85,-5,1.0,1.0,95708100
2019-10-09,290.75,292.3,-5,1.0,1.0,62359400
2019-10-10,291.18,294.21,-5,1.0,1.0,55296300
2019-10-11,296.27,298.74,-5,1.0,1.0,98720400
2019-10-14,295.93,296.67,-5,1.0,1.0,40394800
2019-10-15,297.1,299.7,-5,1.0,1.0,46754500
2019-10-16,298.37,299.16,-5,1.0,1.0,48928200
2019-10-17,299.68,300.24,-5,1.0,1.0,45736600
2019-10-18,298.69,299.4,-5,1.0,1.0,64304000
2019-10-21,299.42,300.21,-5,1.0,1.0,39048600
2019-10-22,300.58,300.9,-5,1.0,1.0,48594700
2019-10-23,298.73,299.94,-5,1.0,1.0,34352200
2019-10-24,300.91,301.07,-5,1.0,1.0,35453100
2019-10-25,299.74,302.2,-5,1.0,1.0,45205400
2019-10-28,302.94,303.85,-5,1.0,1.0,42147000
2019-10-29,303.0,304.23,-5,1.0,1.0,44284900
2019-10-30,303.43,304.55,-5,1.0,1.0,49643900
2019-10-31,304.13,304.13,-5,1.0,1.0,69053800
2019-11-01,304.92,306.19,-5,1.0,1.0,71141500
2019-11-04,307.85,308.0,-5,1.0,1.0,60606900
2019-11-05,307.59,307.92,-5,1.0,1.0,42933200
2019-11-06,307.03,307.4,-5,1.0,1.0,46487100
2019-11-07,308.57,309.65,-5,1.0,1.0,54272300
2019-11-08,307.8,309.0,-5,1.0,1.0,49032100
2019-11-11,307.42,308.54,-5,1.0,1.0,35797300
2019-11-12,308.75,309.99,-5,-1.0,-1.0,46484600
2019-11-13,307.91,309.54,-5,-1.0,-1.0,53917700
2019-11-14,308.79,309.64,-5,-1.0,-1.0,51219900
2019-11-15,311.02,311.84,-5,-1.0,-1.0,62023600
2019-11-18,311.53,312.28,-5,-1.0,-1.0,49228000
2019-11-19,312.68,312.69,-5,-1.0,-1.0,67804700
2019-11-20,311.28,311.85,-5,-1.0,-1.0,79406200
2019-11-21,310.89,311.01,-5,1.0,1.0,54664700
2019-11-22,311.09,311.24,-5,1.0,1.0,44850200
2019-11-25,311.98,313.37,-5,1.0,1.0,48647200
2019-11-26,313.41,314.28,-5,1.0,1.0,37569000
2019-11-27,314.61,315.48,-5,1.0,1.0,44444600
2019-11-29,314.86,315.13,-5,-1.0,-1.0,36592700
2019-12-02,314.59,314.66,-5,-1.0,-1.0,75767800
2019-12-03,308.65,309.64,-5,1.0,1.0,73941700
2019-12-04,310.7,312.12,-5,1.0,1.0,49080000
2019-12-05,312.23,312.25,-5,1.0,1.0,40709000
2019-12-06,314.12,315.31,-5,1.0,1.0,48927000
2019-12-09,314.44,315.18,-5,1.0,1.0,34838500
2019-12-10,313.82,314.55,-5,1.0,1.0,52649800
2019-12-11,314.03,314.7,-5,-1.0,-1.0,53429100
2019-12-12,314.43,317.99,-5,-1.0,-1.0,96389600
2019-12-13,316.87,318.67,-5,-1.0,-1.0,81503900
2019-12-16,319.22,320.15,-5,1.0,1.0,82749700
2019-12-17,319.92,320.25,-5,1.0,1.0,61097700
2019-12-18,320.0,320.25,-5,-1.0,-1.0,48133000
2019-12-19,319.8,320.98,-5,-1.0,-1.0,85310500
2019-12-20,320.46,321.97,-5,1.0,1.0,147142100
2019-12-23,321.59,321.65,-5,1.0,1.0,52990000
2019-12-24,321.47,321.52,-5,1.0,1.0,20270000
2019-12-26,321.65,322.95,-5,-1.0,-1.0,30911200
2019-12-27,323.74,323.8,-5,-1.0,-1.0,42528800
2019-12-30,322.95,323.1,-5,1.0,1.0,49729100
2019-12-31,320.53,322.13,-5,1.0,1.0,57077300
2020-01-02,323.54,324.89,-5,1.0,1.0,59151200
2020-01-03,321.16,323.64,-5,1.0,1.0,77709700
2020-01-06,320.49,323.73,-5,1.0,1.0,55653900
2020-01-07,323.02,323.54,-5,1.0,1.0,40496400
2020-01-08,322.94,325.78,-5,1.0,1.0,68296000
2020-01-09,326.16,326.73,-5,-1.0,-1.0,48473300
2020-01-10,327.29,327.46,-5,1.0,1.0,53029300
2020-01-13,326.39,327.96,-5,-1.0,-1.0,47086800
2020-01-14,327.47,328.62,-5,1.0,1.0,62832800
2020-01-15,327.35,329.02,-5,1.0,1.0,72056600
2020-01-16,329.7,330.92,-5,1.0,1.0,54050300
2020-01-17,331.7,332.18,-5,1.0,1.0,95846000
2020-01-21,330.9,332.18,-5,-1.0,-1.0,77742400
2020-01-22,332.24,332.95,-5,-1.0,-1.0,48914900
2020-01-23,330.63,332.17,-5,-1.0,-1.0,51963000
2020-01-24,332.44,332.53,-5,1.0,1.0,87578400
2020-01-27,323.03,325.12,-5,1.0,1.0,84062500
2020-01-28,325.06,327.85,-5,1.0,1.0,63834000
2020-01-29,328.38,328.63,-5,1.0,1.0,53888900
2020-01-30,324.36,327.91,-5,1.0,1.0,75491800
2020-01-31,327.0,327.17,-5,1.0,1.0,113845600
2020-02-03,323.35,326.16,-5,1.0,1.0,69242300
2020-02-04,328.07,330.01,-5,1.0,1.0,62573200
2020-02-05,332.27,333.09,-5,1.0,1.0,65951100
2020-02-06,333.91,334.19,-5,1.0,1.0,50359700
2020-02-07,332.82,333.99,-5,1.0,1.0,64139400
2020-02-10,331.23,334.75,-5,1.0,1.0,42070000
2020-02-11,336.16,337.02,-5,1.0,1.0,54864500
2020-02-12,336.83,337.65,-5,1.0,1.0,43992700
2020-02-13,335.86,338.12,-5,1.0,1.0,54501900
2020-02-14,337.51,337.73,-5,1.0,1.0,64582200
2020-02-18,336.51,337.67,-5,-1.0,-1.0,57226200
2020-02-19,337.79,339.08,-5,-1.0,-1.0,48814700
2020-02-20,337.74,338.64,-5,1.0,1.0,74163400
2020-02-21,335.47,335.81,-5,1.0,1.0,113788200
2020-02-24,323.14,333.56,-5,1.0,1.0,161088400
2020-02-25,323.94,324.61,-5,1.0,1.0,218913200
2020-02-26,314.18,318.11,-5,1.0,1.0,194773800
2020-02-27,305.46,311.56,-5,1.0,1.0,284353500
2020-02-28,288.7,297.89,-5,1.0,1.0,385764000
2020-03-02,298.21,309.16,-5,1.0,1.0,238703600
2020-03-03,309.5,313.84,-5,1.0,1.0,300139100
2020-03-04,306.12,313.1,-5,1.0,1.0,176613400
2020-03-05,304.98,308.47,-5,1.0,1.0,186366800
2020-03-06,293.15,298.78,-5,1.0,1.0,228667200
2020-03-09,275.3,284.19,-5,1.0,1.0,309417300
2020-03-10,284.64,288.52,-5,1.0,1.0,276444100
2020-03-11,280.7,281.94,-5,1.0,1.0,255316300
2020-03-12,256.0,266.66,-5,1.0,1.0,390215100
